record_id,market,drug_name_raw,active_ingredient,strength,dosage_form,manufacturer,package_image_file,image_source_url,image_direct_url,license,image_author,source_note
1,Yemen / global medicines,14418-broken-tamperproof-seal,,,,,images/0d3a2da721d2.jpg,https://commons.wikimedia.org/wiki/File%3A14418-broken-tamperproof-seal.jpg,https://upload.wikimedia.org/wikipedia/commons/4/49/14418-broken-tamperproof-seal.jpg,Public domain,CDC/ Debora Cartagena,Real packaging/photo file from Wikimedia Commons; medication identity and Yemen registration require local verification.
2,Yemen / global medicines,200mgTramadol,,,,,images/75917dbc3945.jpg,https://commons.wikimedia.org/wiki/File%3A200mgTramadol.jpg,https://upload.wikimedia.org/wikipedia/commons/6/64/200mgTramadol.jpg,CC BY-SA 3.0,"<a href=""//commons.wikimedia.org/wiki/User:Rotellam1"" title=""User:Rotellam1"">Rotellam1</a>",Real packaging/photo file from Wikimedia Commons; medication identity and Yemen registration require local verification.
3,Yemen / global medicines,2016-03-05 sáb 182531 - Trimebutina Andrómaco,,,,,images/64686eb972c6.jpg,https://commons.wikimedia.org/wiki/File%3A2016-03-05_s%C3%A1b_182531_-_Trimebutina_Andr%C3%B3maco.jpg,https://upload.wikimedia.org/wikipedia/commons/thumb/6/6d/2016-03-05_s%C3%A1b_182531_-_Trimebutina_Andr%C3%B3maco.jpg/1280px-2016-03-05_s%C3%A1b_182531_-_Trimebutina_Andr%C3%B3maco.jpg,CC BY-SA 4.0,"<a href=""//commons.wikimedia.org/wiki/User:Soy_Juampayo"" title=""User:Soy Juampayo"">Juampayo de Pelo Largo</a>",Real packaging/photo file from Wikimedia Commons; medication identity and Yemen registration require local verification.
4,Yemen / global medicines,2017-05-31 Pharmacy Museum in Kraków 4,,,,,images/11f4cfdf47dd.jpg,https://commons.wikimedia.org/wiki/File%3A2017-05-31_Pharmacy_Museum_in_Krak%C3%B3w_4.jpg,https://upload.wikimedia.org/wikipedia/commons/thumb/d/da/2017-05-31_Pharmacy_Museum_in_Krak%C3%B3w_4.jpg/1280px-2017-05-31_Pharmacy_Museum_in_Krak%C3%B3w_4.jpg,CC BY-SA 4.0,"<a href=""//commons.wikimedia.org/wiki/User:Maxim75"" title=""User:Maxim75"">Maksym Kozlenko</a>",Real packaging/photo file from Wikimedia Commons; medication identity and Yemen registration require local verification.
5,Yemen / global medicines,20190311 庆大霉素、参苓健脾胃,,,,,images/f2927a83456b.jpg,https://commons.wikimedia.org/wiki/File%3A20190311_%E5%BA%86%E5%A4%A7%E9%9C%89%E7%B4%A0%E3%80%81%E5%8F%82%E8%8B%93%E5%81%A5%E8%84%BE%E8%83%83.jpg,https://upload.wikimedia.org/wikipedia/commons/c/c3/20190311_%E5%BA%86%E5%A4%A7%E9%9C%89%E7%B4%A0%E3%80%81%E5%8F%82%E8%8B%93%E5%81%A5%E8%84%BE%E8%83%83.jpg,CC BY-SA 4.0,"<a href=""//commons.wikimedia.org/wiki/User:Ww9980"" title=""User:Ww9980"">WFan</a>",Real packaging/photo file from Wikimedia Commons; medication identity and Yemen registration require local verification.
6,Yemen / global medicines,20190311 庆大霉素反面,,,,,images/dc41fb65f9f0.jpg,https://commons.wikimedia.org/wiki/File%3A20190311_%E5%BA%86%E5%A4%A7%E9%9C%89%E7%B4%A0%E5%8F%8D%E9%9D%A2.jpg,https://upload.wikimedia.org/wikipedia/commons/thumb/6/64/20190311_%E5%BA%86%E5%A4%A7%E9%9C%89%E7%B4%A0%E5%8F%8D%E9%9D%A2.jpg/1280px-20190311_%E5%BA%86%E5%A4%A7%E9%9C%89%E7%B4%A0%E5%8F%8D%E9%9D%A2.jpg,CC BY-SA 4.0,"<a href=""//commons.wikimedia.org/wiki/User:Ww9980"" title=""User:Ww9980"">WFan</a>",Real packaging/photo file from Wikimedia Commons; medication identity and Yemen registration require local verification.
7,Yemen / global medicines,2023 Tribiotic,,,,,images/f4fbf3ae3d72.jpg,https://commons.wikimedia.org/wiki/File%3A2023_Tribiotic.jpg,https://upload.wikimedia.org/wikipedia/commons/thumb/3/33/2023_Tribiotic.jpg/1280px-2023_Tribiotic.jpg,CC BY-SA 4.0,"<a href=""//commons.wikimedia.org/wiki/User:Jacek_Halicki"" title=""User:Jacek Halicki"">Jacek Halicki</a>",Real packaging/photo file from Wikimedia Commons; medication identity and Yemen registration require local verification.
8,Yemen / global medicines,610happu,,,,,images/cf108003373e.jpg,https://commons.wikimedia.org/wiki/File%3A610happu.JPG,https://upload.wikimedia.org/wikipedia/commons/e/e7/610happu.JPG,CC BY 3.0,teruteru21,Real packaging/photo file from Wikimedia Commons; medication identity and Yemen registration require local verification.
9,Yemen / global medicines,64a01mdpqdyb1,,,,,images/9b80e85e1382.jpg,https://commons.wikimedia.org/wiki/File%3A64a01mdpqdyb1.jpg,https://upload.wikimedia.org/wikipedia/commons/thumb/d/de/64a01mdpqdyb1.jpg/1280px-64a01mdpqdyb1.jpg,CC BY-SA 4.0,"<a href=""//commons.wikimedia.org/w/index.php?title=User:Destaniderrico&amp;action=edit&amp;redlink=1"" class=""new"" title=""User:Destaniderrico (page does not exist)"">Destaniderrico</a>",Real packaging/photo file from Wikimedia Commons; medication identity and Yemen registration require local verification.
10,Yemen / global medicines,A History Of Psychotropics - Flickr - schoschie,,,,,images/431c1c80d4c1.jpg,https://commons.wikimedia.org/wiki/File%3AA_History_Of_Psychotropics_-_Flickr_-_schoschie.jpg,https://upload.wikimedia.org/wikipedia/commons/b/b8/A_History_Of_Psychotropics_-_Flickr_-_schoschie.jpg,CC BY 2.0,"<a rel=""nofollow"" class=""external text"" href=""https://www.flickr.com/people/87569910@N00"">Niels Heidenreich</a> from Hannover, Germany",Real packaging/photo file from Wikimedia Commons; medication identity and Yemen registration require local verification.
11,Yemen / global medicines,ABDIFLY Aripiprazole 15mg,,,,,images/6bd9081e4532.jpg,https://commons.wikimedia.org/wiki/File%3AABDIFLY_Aripiprazole_15mg.jpg,https://upload.wikimedia.org/wikipedia/commons/thumb/a/ac/ABDIFLY_Aripiprazole_15mg.jpg/1280px-ABDIFLY_Aripiprazole_15mg.jpg,CC BY-SA 4.0,"<a href=""//commons.wikimedia.org/w/index.php?title=User:Mystrixo&amp;action=edit&amp;redlink=1"" class=""new"" title=""User:Mystrixo (page does not exist)"">Mystrixo</a>",Real packaging/photo file from Wikimedia Commons; medication identity and Yemen registration require local verification.
12,Yemen / global medicines,Accofil,,,,,images/4ac058616334.jpg,https://commons.wikimedia.org/wiki/File%3AAccofil.JPG,https://upload.wikimedia.org/wikipedia/commons/9/9b/Accofil.JPG,CC BY-SA 4.0,"<a href=""//commons.wikimedia.org/w/index.php?title=User:Sushil-Intas&amp;action=edit&amp;redlink=1"" class=""new"" title=""User:Sushil-Intas (page does not exist)"">Sushil-Intas</a>",Real packaging/photo file from Wikimedia Commons; medication identity and Yemen registration require local verification.
13,Yemen / global medicines,Acenocumarole,,,,,images/e0d9508bf18c.jpg,https://commons.wikimedia.org/wiki/File%3AAcenocumarole.jpg,https://upload.wikimedia.org/wikipedia/commons/thumb/1/15/Acenocumarole.jpg/1280px-Acenocumarole.jpg,CC BY-SA 3.0,"<a href=""//commons.wikimedia.org/w/index.php?title=User:BQmUB2011115&amp;action=edit&amp;redlink=1"" class=""new"" title=""User:BQmUB2011115 (page does not exist)"">BQmUB2011115</a>",Real packaging/photo file from Wikimedia Commons; medication identity and Yemen registration require local verification.
14,Yemen / global medicines,ActivatedCharcoal,,,,,images/4c2b06a05582.jpg,https://commons.wikimedia.org/wiki/File%3AActivatedCharcoal.JPG,https://upload.wikimedia.org/wikipedia/commons/6/6a/ActivatedCharcoal.JPG,CC BY 3.0,"<a href=""//commons.wikimedia.org/wiki/User:Jmh649"" class=""mw-redirect"" title=""User:Jmh649"">James Heilman, MD</a>",Real packaging/photo file from Wikimedia Commons; medication identity and Yemen registration require local verification.
15,Yemen / global medicines,Adenosine (1),,,,,images/d22b970269f5.jpg,https://commons.wikimedia.org/wiki/File%3AAdenosine_%281%29.JPG,https://upload.wikimedia.org/wikipedia/commons/thumb/a/aa/Adenosine_%281%29.JPG/1280px-Adenosine_%281%29.JPG,CC BY 3.0,"<a href=""//commons.wikimedia.org/wiki/User:Intropin"" title=""User:Intropin"">Intropin</a>",Real packaging/photo file from Wikimedia Commons; medication identity and Yemen registration require local verification.
16,Yemen / global medicines,Adrenalin,,,,,images/57848c482929.jpg,https://commons.wikimedia.org/wiki/File%3AAdrenalin.jpg,https://upload.wikimedia.org/wikipedia/commons/thumb/3/3e/Adrenalin.jpg/1280px-Adrenalin.jpg,CC BY 4.0,"<a href=""//commons.wikimedia.org/w/index.php?title=User:Mvejr&amp;action=edit&amp;redlink=1"" class=""new"" title=""User:Mvejr (page does not exist)"">Mvejr</a>",Real packaging/photo file from Wikimedia Commons; medication identity and Yemen registration require local verification.
17,Yemen / global medicines,Advertisment for Calpol Wellcome L0034495,,,,,images/4a14a587edd7.jpg,https://commons.wikimedia.org/wiki/File%3AAdvertisment_for_Calpol_Wellcome_L0034495.jpg,https://upload.wikimedia.org/wikipedia/commons/e/eb/Advertisment_for_Calpol_Wellcome_L0034495.jpg,CC BY 4.0,,Real packaging/photo file from Wikimedia Commons; medication identity and Yemen registration require local verification.
18,Yemen / global medicines,Afobazole,,,,,images/1cc5680f192a.jpg,https://commons.wikimedia.org/wiki/File%3AAfobazole.jpg,https://upload.wikimedia.org/wikipedia/commons/a/a3/Afobazole.jpg,CC BY-SA 4.0,"<a href=""//commons.wikimedia.org/w/index.php?title=User:Nootropic_dude&amp;action=edit&amp;redlink=1"" class=""new"" title=""User:Nootropic dude (page does not exist)"">Nootropic dude</a>",Real packaging/photo file from Wikimedia Commons; medication identity and Yemen registration require local verification.
19,Yemen / global medicines,Agen-5,,,,,images/a74dda347889.jpg,https://commons.wikimedia.org/wiki/File%3AAgen-5.jpg,https://upload.wikimedia.org/wikipedia/commons/thumb/c/c0/Agen-5.jpg/1280px-Agen-5.jpg,CC BY-SA 4.0,"<a href=""//commons.wikimedia.org/wiki/User:Wesalius"" title=""User:Wesalius"">Wesalius</a>",Real packaging/photo file from Wikimedia Commons; medication identity and Yemen registration require local verification.
20,Yemen / global medicines,Aguja indolora Acofar,,,,,images/febc5bbfa507.jpg,https://commons.wikimedia.org/wiki/File%3AAguja_indolora_Acofar.jpg,https://upload.wikimedia.org/wikipedia/commons/f/f2/Aguja_indolora_Acofar.jpg,CC BY-SA 4.0,"<a rel=""nofollow"" class=""external free"" href=""https://www.acofarma.com/"">https://www.acofarma.com/</a>",Real packaging/photo file from Wikimedia Commons; medication identity and Yemen registration require local verification.
21,Yemen / global medicines,"Alcover 17,5 - Gamma-Hydroxybutyric acid",,,,,images/e669dfbd00a7.jpg,https://commons.wikimedia.org/wiki/File%3AAlcover_17%2C5_-_Gamma-Hydroxybutyric_acid.JPG,https://upload.wikimedia.org/wikipedia/commons/thumb/7/7c/Alcover_17%2C5_-_Gamma-Hydroxybutyric_acid.JPG/1280px-Alcover_17%2C5_-_Gamma-Hydroxybutyric_acid.JPG,CC BY-SA 3.0,"<a href=""//commons.wikimedia.org/wiki/User:La_Cara_Salma"" title=""User:La Cara Salma"">La Cara Salma</a>",Real packaging/photo file from Wikimedia Commons; medication identity and Yemen registration require local verification.
22,Yemen / global medicines,Aldactone,,,,,images/c9d91195453b.jpg,https://commons.wikimedia.org/wiki/File%3AAldactone.JPG,https://upload.wikimedia.org/wikipedia/commons/thumb/4/42/Aldactone.JPG/1280px-Aldactone.JPG,CC0,"<a href=""//commons.wikimedia.org/wiki/User:Miansari66"" title=""User:Miansari66"">Miansari66</a>",Real packaging/photo file from Wikimedia Commons; medication identity and Yemen registration require local verification.
23,Yemen / global medicines,Algifen-neo,,,,,images/d1d8cb5ad7fc.jpg,https://commons.wikimedia.org/wiki/File%3AAlgifen-neo.jpg,https://upload.wikimedia.org/wikipedia/commons/thumb/0/0d/Algifen-neo.jpg/1280px-Algifen-neo.jpg,CC BY-SA 4.0,"<a href=""//commons.wikimedia.org/wiki/User:Wesalius"" title=""User:Wesalius"">Wesalius</a>",Real packaging/photo file from Wikimedia Commons; medication identity and Yemen registration require local verification.
24,Yemen / global medicines,Almacin,,,,,images/01a075e39bf6.jpg,https://commons.wikimedia.org/wiki/File%3AAlmacin.jpg,https://upload.wikimedia.org/wikipedia/commons/thumb/9/92/Almacin.jpg/1280px-Almacin.jpg,CC BY-SA 3.0,"<a href=""//commons.wikimedia.org/w/index.php?title=User:MKD&amp;action=edit&amp;redlink=1"" class=""new"" title=""User:MKD (page does not exist)"">MKD</a>",Real packaging/photo file from Wikimedia Commons; medication identity and Yemen registration require local verification.
25,Yemen / global medicines,Alphagan Korean,,,,,images/dd6f9e000a73.jpg,https://commons.wikimedia.org/wiki/File%3AAlphagan_Korean.jpg,https://upload.wikimedia.org/wikipedia/commons/thumb/1/1b/Alphagan_Korean.jpg/1280px-Alphagan_Korean.jpg,CC BY-SA 4.0,"<a href=""//commons.wikimedia.org/wiki/User:Twotwo2019"" title=""User:Twotwo2019"">Twotwo2019</a>",Real packaging/photo file from Wikimedia Commons; medication identity and Yemen registration require local verification.
26,Yemen / global medicines,Alte Sepso Präparate,,,,,images/b08c32daa910.jpg,https://commons.wikimedia.org/wiki/File%3AAlte_Sepso_Pr%C3%A4parate.jpg,https://upload.wikimedia.org/wikipedia/commons/thumb/9/91/Alte_Sepso_Pr%C3%A4parate.jpg/1280px-Alte_Sepso_Pr%C3%A4parate.jpg,CC BY-SA 4.0,"<a href=""//commons.wikimedia.org/w/index.php?title=User:HoSoBeyer&amp;action=edit&amp;redlink=1"" class=""new"" title=""User:HoSoBeyer (page does not exist)"">HoSoBeyer</a>",Real packaging/photo file from Wikimedia Commons; medication identity and Yemen registration require local verification.
27,Yemen / global medicines,Aminoleban EN powder mix,,,,,images/6743bf9179dc.jpg,https://commons.wikimedia.org/wiki/File%3AAminoleban_EN_powder_mix.jpg,https://upload.wikimedia.org/wikipedia/commons/1/1d/Aminoleban_EN_powder_mix.jpg,CC BY-SA 4.0,"<a href=""//commons.wikimedia.org/w/index.php?title=User:Kan.zo&amp;action=edit&amp;redlink=1"" class=""new"" title=""User:Kan.zo (page does not exist)"">Kan.zo</a>",Real packaging/photo file from Wikimedia Commons; medication identity and Yemen registration require local verification.
28,Yemen / global medicines,Amiodarone UA,,,,,images/60070b0bd8a2.jpg,https://commons.wikimedia.org/wiki/File%3AAmiodarone_UA.JPG,https://upload.wikimedia.org/wikipedia/commons/thumb/9/9e/Amiodarone_UA.JPG/1280px-Amiodarone_UA.JPG,CC BY-SA 4.0,"<a href=""//commons.wikimedia.org/w/index.php?title=User:Dctrzl&amp;action=edit&amp;redlink=1"" class=""new"" title=""User:Dctrzl (page does not exist)"">Dctrzl</a>",Real packaging/photo file from Wikimedia Commons; medication identity and Yemen registration require local verification.
29,Yemen / global medicines,Amitriptyline gouttes,,,,,images/35369c2c4aa7.jpg,https://commons.wikimedia.org/wiki/File%3AAmitriptyline_gouttes.JPG,https://upload.wikimedia.org/wikipedia/commons/1/13/Amitriptyline_gouttes.JPG,CC BY-SA 3.0,"<a href=""//commons.wikimedia.org/wiki/User:Kevin.Bou"" title=""User:Kevin.Bou"">Kevin.Bou</a>",Real packaging/photo file from Wikimedia Commons; medication identity and Yemen registration require local verification.
30,Yemen / global medicines,"Ammonia inhalants, to revive patient from fainting of shock, to be used as smelling salts, front side",,,,,images/bfc72efa2b0b.jpg,https://commons.wikimedia.org/wiki/File%3AAmmonia_inhalants%2C_to_revive_patient_from_fainting_of_shock%2C_to_be_used_as_smelling_salts%2C_front_side.JPG,https://upload.wikimedia.org/wikipedia/commons/thumb/6/66/Ammonia_inhalants%2C_to_revive_patient_from_fainting_of_shock%2C_to_be_used_as_smelling_salts%2C_front_side.JPG/1280px-Ammonia_inhalants%2C_to_revive_patient_from_fainting_of_shock%2C_to_be_used_as_smelling_salts%2C_front_side.JPG,CC BY-SA 4.0,"<a href=""//commons.wikimedia.org/wiki/User:KingaNBM"" title=""User:KingaNBM"">KingaNBM</a>",Real packaging/photo file from Wikimedia Commons; medication identity and Yemen registration require local verification.
31,Yemen / global medicines,"Ammonia inhalants, to revive patient from fainting of shock, to be used as smelling salts",,,,,images/2c35ad7e0bf7.jpg,https://commons.wikimedia.org/wiki/File%3AAmmonia_inhalants%2C_to_revive_patient_from_fainting_of_shock%2C_to_be_used_as_smelling_salts.JPG,https://upload.wikimedia.org/wikipedia/commons/thumb/1/15/Ammonia_inhalants%2C_to_revive_patient_from_fainting_of_shock%2C_to_be_used_as_smelling_salts.JPG/1280px-Ammonia_inhalants%2C_to_revive_patient_from_fainting_of_shock%2C_to_be_used_as_smelling_salts.JPG,CC BY-SA 4.0,"<a href=""//commons.wikimedia.org/wiki/User:KingaNBM"" title=""User:KingaNBM"">KingaNBM</a>",Real packaging/photo file from Wikimedia Commons; medication identity and Yemen registration require local verification.
32,Yemen / global medicines,Amoxicilline Mylan 1g,,,,,images/db4f0935e176.jpg,https://commons.wikimedia.org/wiki/File%3AAmoxicilline_Mylan_1g.jpg,https://upload.wikimedia.org/wikipedia/commons/thumb/0/0f/Amoxicilline_Mylan_1g.jpg/1280px-Amoxicilline_Mylan_1g.jpg,CC0,"<a href=""//commons.wikimedia.org/wiki/User:Torfanomazine"" title=""User:Torfanomazine"">Torfanomazine</a>",Real packaging/photo file from Wikimedia Commons; medication identity and Yemen registration require local verification.
33,Yemen / global medicines,Amoxiclav Sandoz Mylan,,,,,images/f5cad105a983.jpg,https://commons.wikimedia.org/wiki/File%3AAmoxiclav_Sandoz_Mylan.JPG,https://upload.wikimedia.org/wikipedia/commons/thumb/9/95/Amoxiclav_Sandoz_Mylan.JPG/1280px-Amoxiclav_Sandoz_Mylan.JPG,CC BY-SA 3.0,"<a href=""//commons.wikimedia.org/w/index.php?title=User:Barbirossa&amp;action=edit&amp;redlink=1"" class=""new"" title=""User:Barbirossa (page does not exist)"">Barbirossa</a>",Real packaging/photo file from Wikimedia Commons; medication identity and Yemen registration require local verification.
34,Yemen / global medicines,"Anaesthesia; Ether can, c.1930 Wellcome L0018321",,,,,images/e36629a24a4c.jpg,https://commons.wikimedia.org/wiki/File%3AAnaesthesia%3B_Ether_can%2C_c.1930_Wellcome_L0018321.jpg,https://upload.wikimedia.org/wikipedia/commons/thumb/4/4d/Anaesthesia%3B_Ether_can%2C_c.1930_Wellcome_L0018321.jpg/1280px-Anaesthesia%3B_Ether_can%2C_c.1930_Wellcome_L0018321.jpg,CC BY 4.0,,Real packaging/photo file from Wikimedia Commons; medication identity and Yemen registration require local verification.
35,Yemen / global medicines,Andmekaeve retseptiravimite väljastamise monitooringus (PDMP),,,,,images/de1dce601a6b.jpg,https://commons.wikimedia.org/wiki/File%3AAndmekaeve_retseptiravimite_v%C3%A4ljastamise_monitooringus_%28PDMP%29.jpg,https://upload.wikimedia.org/wikipedia/commons/thumb/9/9d/Andmekaeve_retseptiravimite_v%C3%A4ljastamise_monitooringus_%28PDMP%29.jpg/1280px-Andmekaeve_retseptiravimite_v%C3%A4ljastamise_monitooringus_%28PDMP%29.jpg,CC BY-SA 4.0,"<a href=""//commons.wikimedia.org/w/index.php?title=User:Ndrk_Ktsr&amp;action=edit&amp;redlink=1"" class=""new"" title=""User:Ndrk Ktsr (page does not exist)"">Ndrk Ktsr</a>",Real packaging/photo file from Wikimedia Commons; medication identity and Yemen registration require local verification.
36,Yemen / global medicines,Anopyrin-400mg,,,,,images/95a3984dd2e2.jpg,https://commons.wikimedia.org/wiki/File%3AAnopyrin-400mg.jpg,https://upload.wikimedia.org/wikipedia/commons/thumb/c/c7/Anopyrin-400mg.jpg/1280px-Anopyrin-400mg.jpg,CC BY 3.0,Mvejr,Real packaging/photo file from Wikimedia Commons; medication identity and Yemen registration require local verification.
37,Yemen / global medicines,Anti-heartburnMedicine,,,,,images/b9623078e3e8.jpg,https://commons.wikimedia.org/wiki/File%3AAnti-heartburnMedicine.jpg,https://upload.wikimedia.org/wikipedia/commons/thumb/c/c8/Anti-heartburnMedicine.jpg/1280px-Anti-heartburnMedicine.jpg,CC BY-SA 4.0,"<a href=""//commons.wikimedia.org/w/index.php?title=User:Styroks&amp;action=edit&amp;redlink=1"" class=""new"" title=""User:Styroks (page does not exist)"">Styroks</a>",Real packaging/photo file from Wikimedia Commons; medication identity and Yemen registration require local verification.
38,Yemen / global medicines,Apaurin,,,,,images/3a0f282a339e.jpg,https://commons.wikimedia.org/wiki/File%3AApaurin.jpg,https://upload.wikimedia.org/wikipedia/commons/thumb/6/64/Apaurin.jpg/1280px-Apaurin.jpg,CC BY 4.0,"<a href=""//commons.wikimedia.org/w/index.php?title=User:Mvejr&amp;action=edit&amp;redlink=1"" class=""new"" title=""User:Mvejr (page does not exist)"">Mvejr</a>",Real packaging/photo file from Wikimedia Commons; medication identity and Yemen registration require local verification.
39,Yemen / global medicines,Apernyl1,,,,,images/bbd924adeb2e.jpg,https://commons.wikimedia.org/wiki/File%3AApernyl1.JPG,https://upload.wikimedia.org/wikipedia/commons/thumb/0/0b/Apernyl1.JPG/1280px-Apernyl1.JPG,GPL,"<a href=""//commons.wikimedia.org/wiki/User:Sterilgutassistentin"" title=""User:Sterilgutassistentin"">Sterilgutassistentin</a>",Real packaging/photo file from Wikimedia Commons; medication identity and Yemen registration require local verification.
40,Yemen / global medicines,Apernyl2,,,,,images/805a93b8b2e2.jpg,https://commons.wikimedia.org/wiki/File%3AApernyl2.JPG,https://upload.wikimedia.org/wikipedia/commons/thumb/3/3d/Apernyl2.JPG/1280px-Apernyl2.JPG,GPL,"<a href=""//commons.wikimedia.org/wiki/User:Sterilgutassistentin"" title=""User:Sterilgutassistentin"">Sterilgutassistentin</a>",Real packaging/photo file from Wikimedia Commons; medication identity and Yemen registration require local verification.
41,Yemen / global medicines,Apo-amlo 5 mg tbl,,,,,images/d5876ec14f66.jpg,https://commons.wikimedia.org/wiki/File%3AApo-amlo_5_mg_tbl.jpg,https://upload.wikimedia.org/wikipedia/commons/thumb/2/23/Apo-amlo_5_mg_tbl.jpg/1280px-Apo-amlo_5_mg_tbl.jpg,CC BY-SA 4.0,"<a href=""//commons.wikimedia.org/w/index.php?title=User:Tomino_de_WS&amp;action=edit&amp;redlink=1"" class=""new"" title=""User:Tomino de WS (page does not exist)"">Tomino de WS</a>",Real packaging/photo file from Wikimedia Commons; medication identity and Yemen registration require local verification.
42,Yemen / global medicines,Aprovel Sales In China,,,,,images/25cd8c4450a4.jpg,https://commons.wikimedia.org/wiki/File%3AAprovel_Sales_In_China.jpg,https://upload.wikimedia.org/wikipedia/commons/thumb/7/72/Aprovel_Sales_In_China.jpg/1280px-Aprovel_Sales_In_China.jpg,CC BY-SA 4.0,"<a href=""//commons.wikimedia.org/wiki/User:Skirtick"" title=""User:Skirtick"">Skirtick</a>",Real packaging/photo file from Wikimedia Commons; medication identity and Yemen registration require local verification.
43,Yemen / global medicines,Ardinex,,,,,images/3fb5eac98e69.jpg,https://commons.wikimedia.org/wiki/File%3AArdinex.JPG,https://upload.wikimedia.org/wikipedia/commons/thumb/6/66/Ardinex.JPG/1280px-Ardinex.JPG,CC BY-SA 3.0,"<a href=""//commons.wikimedia.org/wiki/User:ZngZng"" title=""User:ZngZng"">ZngZng</a>",Real packaging/photo file from Wikimedia Commons; medication identity and Yemen registration require local verification.
44,Yemen / global medicines,Aribit (Aripiprazole) tablets,,,,,images/e2359f30a22b.jpg,https://commons.wikimedia.org/wiki/File%3AAribit_%28Aripiprazole%29_tablets.jpg,https://upload.wikimedia.org/wikipedia/commons/thumb/9/95/Aribit_%28Aripiprazole%29_tablets.jpg/1280px-Aribit_%28Aripiprazole%29_tablets.jpg,CC0,"<a href=""//commons.wikimedia.org/w/index.php?title=User:Anton0987654321&amp;action=edit&amp;redlink=1"" class=""new"" title=""User:Anton0987654321 (page does not exist)"">Anton0987654321</a>",Real packaging/photo file from Wikimedia Commons; medication identity and Yemen registration require local verification.
45,Yemen / global medicines,Aristocort,,,,,images/0cea3775f7e8.jpg,https://commons.wikimedia.org/wiki/File%3AAristocort.jpg,https://upload.wikimedia.org/wikipedia/commons/thumb/6/6f/Aristocort.jpg/1280px-Aristocort.jpg,Public domain,"<a href=""https://en.wikipedia.org/wiki/User:Editor182"" class=""extiw"" title=""en:User:Editor182"">Editor182</a> (<a href=""https://en.wikipedia.org/wiki/User_talk:Editor182"" class=""extiw"" title=""en:User talk:Editor182"">talk</a>)",Real packaging/photo file from Wikimedia Commons; medication identity and Yemen registration require local verification.
46,Yemen / global medicines,Armoire à pharmacie,,,,,images/79631b73e955.jpg,https://commons.wikimedia.org/wiki/File%3AArmoire_%C3%A0_pharmacie.jpg,https://upload.wikimedia.org/wikipedia/commons/thumb/e/e6/Armoire_%C3%A0_pharmacie.jpg/1280px-Armoire_%C3%A0_pharmacie.jpg,CC BY 4.0,"<a href=""//commons.wikimedia.org/wiki/User:Palam%C3%A8de"" title=""User:Palamède"">Palamède</a>",Real packaging/photo file from Wikimedia Commons; medication identity and Yemen registration require local verification.
47,Yemen / global medicines,Armolipid Milan,,,,,images/29175e389e25.jpg,https://commons.wikimedia.org/wiki/File%3AArmolipid_Milan.jpg,https://upload.wikimedia.org/wikipedia/commons/thumb/0/07/Armolipid_Milan.jpg/1280px-Armolipid_Milan.jpg,CC BY-SA 4.0,"<a href=""//commons.wikimedia.org/w/index.php?title=User:Th%C3%A0y_B%C3%B9i_Ph%C3%BAc_Tr%E1%BA%A1ch_-_CVA&amp;action=edit&amp;redlink=1"" class=""new"" title=""User:Thày Bùi Phúc Trạch - CVA (page does not exist)"">Thày Bùi Phúc Trạch - CVA</a>",Real packaging/photo file from Wikimedia Commons; medication identity and Yemen registration require local verification.
48,Yemen / global medicines,Artificial tears brands,,,,,images/c809779eff00.jpg,https://commons.wikimedia.org/wiki/File%3AArtificial_tears_brands.jpg,https://upload.wikimedia.org/wikipedia/commons/thumb/6/65/Artificial_tears_brands.jpg/1280px-Artificial_tears_brands.jpg,Public domain,"<a href=""https://en.wikipedia.org/wiki/User:Abelani"" class=""extiw"" title=""wikipedia:User:Abelani"">Abelani</a> at <a href=""https://en.wikipedia.org/wiki/"" class=""extiw"" title=""wikipedia:"">English Wikipedia</a>",Real packaging/photo file from Wikimedia Commons; medication identity and Yemen registration require local verification.
49,Yemen / global medicines,Arzneimittelkapsel01,,,,,images/05dc93a71318.jpg,https://commons.wikimedia.org/wiki/File%3AArzneimittelkapsel01.jpg,https://upload.wikimedia.org/wikipedia/commons/thumb/d/d8/Arzneimittelkapsel01.jpg/1280px-Arzneimittelkapsel01.jpg,CC BY-SA 2.0 de,"<a href=""https://de.wikipedia.org/wiki/User:CFT"" class=""extiw"" title=""de:User:CFT"">CFT</a> at <a class=""external text"" data-mw-original-href=""http://de.wikipedia.org"" href=""https://de.wikipedia.org"">de.wikipedia</a>",Real packaging/photo file from Wikimedia Commons; medication identity and Yemen registration require local verification.
50,Yemen / global medicines,Astamocil,,,,,images/e7545e8067d8.jpg,https://commons.wikimedia.org/wiki/File%3AAstamocil.jpg,https://upload.wikimedia.org/wikipedia/commons/thumb/e/ed/Astamocil.jpg/1280px-Astamocil.jpg,CC BY-SA 4.0,"<a href=""//commons.wikimedia.org/wiki/User:Adamu_mc"" title=""User:Adamu mc"">Adamu mc</a>",Real packaging/photo file from Wikimedia Commons; medication identity and Yemen registration require local verification.
51,Yemen / global medicines,Atarax,,,,,images/82772b796e0f.jpg,https://commons.wikimedia.org/wiki/File%3AAtarax.JPG,https://upload.wikimedia.org/wikipedia/commons/2/2b/Atarax.JPG,Public domain,ZngZng,Real packaging/photo file from Wikimedia Commons; medication identity and Yemen registration require local verification.
52,Yemen / global medicines,Atenolol tablets (UK),,,,,images/b738825fe48c.jpg,https://commons.wikimedia.org/wiki/File%3AAtenolol_tablets_%28UK%29.jpg,https://upload.wikimedia.org/wikipedia/commons/thumb/4/4c/Atenolol_tablets_%28UK%29.jpg/1280px-Atenolol_tablets_%28UK%29.jpg,CC BY-SA 4.0,"<a href=""//commons.wikimedia.org/wiki/User:Whispyhistory"" title=""User:Whispyhistory"">Whispyhistory</a>",Real packaging/photo file from Wikimedia Commons; medication identity and Yemen registration require local verification.
53,Yemen / global medicines,Atorvastatin40mg,,,,,images/3e60daefe42a.jpg,https://commons.wikimedia.org/wiki/File%3AAtorvastatin40mg.jpg,https://upload.wikimedia.org/wikipedia/commons/d/da/Atorvastatin40mg.jpg,CC BY-SA 3.0,"<a href=""https://en.wikipedia.org/wiki/User:Panthro"" class=""extiw"" title=""en:User:Panthro"">Panthro</a> (<a href=""https://en.wikipedia.org/wiki/User_talk:Panthro"" class=""extiw"" title=""en:User talk:Panthro"">talk</a>)",Real packaging/photo file from Wikimedia Commons; medication identity and Yemen registration require local verification.
54,Yemen / global medicines,ATP-2Na,,,,,images/f065316a261e.jpg,https://commons.wikimedia.org/wiki/File%3AATP-2Na.jpg,https://upload.wikimedia.org/wikipedia/commons/thumb/d/d0/ATP-2Na.jpg/1280px-ATP-2Na.jpg,CC BY-SA 4.0,"<a href=""//commons.wikimedia.org/w/index.php?title=User:%E4%B8%BB%E5%B8%AD%E8%A3%9C%E4%BD%90&amp;action=edit&amp;redlink=1"" class=""new"" title=""User:主席補佐 (page does not exist)"">主席補佐</a>",Real packaging/photo file from Wikimedia Commons; medication identity and Yemen registration require local verification.
55,Yemen / global medicines,Aulin-100,,,,,images/3416bb06e36c.jpg,https://commons.wikimedia.org/wiki/File%3AAulin-100.jpg,https://upload.wikimedia.org/wikipedia/commons/thumb/2/2a/Aulin-100.jpg/1280px-Aulin-100.jpg,CC BY-SA 4.0,"<a href=""//commons.wikimedia.org/wiki/User:Wesalius"" title=""User:Wesalius"">Wesalius</a>",Real packaging/photo file from Wikimedia Commons; medication identity and Yemen registration require local verification.
56,Yemen / global medicines,Avenoc,,,,,images/9d5379ef62d2.jpg,https://commons.wikimedia.org/wiki/File%3AAvenoc.jpg,https://upload.wikimedia.org/wikipedia/commons/thumb/b/bc/Avenoc.jpg/1280px-Avenoc.jpg,Public domain,"<a href=""//commons.wikimedia.org/w/index.php?title=User:Karola7&amp;action=edit&amp;redlink=1"" class=""new"" title=""User:Karola7 (page does not exist)"">Karola7</a>",Real packaging/photo file from Wikimedia Commons; medication identity and Yemen registration require local verification.
57,Yemen / global medicines,Axeoil,,,,,images/1ecfb2e9e833.jpg,https://commons.wikimedia.org/wiki/File%3AAxeoil.jpg,https://upload.wikimedia.org/wikipedia/commons/5/5b/Axeoil.jpg,CC BY-SA 3.0,"<a href=""//commons.wikimedia.org/w/index.php?title=User:Axeon&amp;action=edit&amp;redlink=1"" class=""new"" title=""User:Axeon (page does not exist)"">Axeon</a>",Real packaging/photo file from Wikimedia Commons; medication identity and Yemen registration require local verification.
58,Yemen / global medicines,Ayursun Churna & granules Division,,,,,images/64b32b19f0a3.jpg,https://commons.wikimedia.org/wiki/File%3AAyursun_Churna_%26_granules_Division.jpg,https://upload.wikimedia.org/wikipedia/commons/thumb/e/ed/Ayursun_Churna_%26_granules_Division.jpg/1280px-Ayursun_Churna_%26_granules_Division.jpg,CC BY-SA 4.0,"<a href=""//commons.wikimedia.org/w/index.php?title=User:Aditiaudi&amp;action=edit&amp;redlink=1"" class=""new"" title=""User:Aditiaudi (page does not exist)"">Aditiaudi</a>",Real packaging/photo file from Wikimedia Commons; medication identity and Yemen registration require local verification.
59,Yemen / global medicines,Ayursun Granules division,,,,,images/9512fb1715f3.jpg,https://commons.wikimedia.org/wiki/File%3AAyursun_Granules_division.jpg,https://upload.wikimedia.org/wikipedia/commons/thumb/4/40/Ayursun_Granules_division.jpg/1280px-Ayursun_Granules_division.jpg,CC BY-SA 4.0,"<a href=""//commons.wikimedia.org/w/index.php?title=User:Aditiaudi&amp;action=edit&amp;redlink=1"" class=""new"" title=""User:Aditiaudi (page does not exist)"">Aditiaudi</a>",Real packaging/photo file from Wikimedia Commons; medication identity and Yemen registration require local verification.
60,Yemen / global medicines,Ayursun Manual Capsules Filing Machine in 1996,,,,,images/e0d3daac9ec2.jpg,https://commons.wikimedia.org/wiki/File%3AAyursun_Manual_Capsules_Filing_Machine_in_1996.jpg,https://upload.wikimedia.org/wikipedia/commons/thumb/2/25/Ayursun_Manual_Capsules_Filing_Machine_in_1996.jpg/1280px-Ayursun_Manual_Capsules_Filing_Machine_in_1996.jpg,CC BY-SA 4.0,"<a href=""//commons.wikimedia.org/w/index.php?title=User:Aditiaudi&amp;action=edit&amp;redlink=1"" class=""new"" title=""User:Aditiaudi (page does not exist)"">Aditiaudi</a>",Real packaging/photo file from Wikimedia Commons; medication identity and Yemen registration require local verification.
61,Yemen / global medicines,Ayursun Packing Division,,,,,images/f04fc903b040.jpg,https://commons.wikimedia.org/wiki/File%3AAyursun_Packing_Division.jpg,https://upload.wikimedia.org/wikipedia/commons/thumb/b/bb/Ayursun_Packing_Division.jpg/1280px-Ayursun_Packing_Division.jpg,CC BY-SA 4.0,"<a href=""//commons.wikimedia.org/w/index.php?title=User:Aditiaudi&amp;action=edit&amp;redlink=1"" class=""new"" title=""User:Aditiaudi (page does not exist)"">Aditiaudi</a>",Real packaging/photo file from Wikimedia Commons; medication identity and Yemen registration require local verification.
62,Yemen / global medicines,Ayursun Pharma Blister machine division,,,,,images/b2cc70b481f1.jpg,https://commons.wikimedia.org/wiki/File%3AAyursun_Pharma_Blister_machine_division.jpg,https://upload.wikimedia.org/wikipedia/commons/f/fb/Ayursun_Pharma_Blister_machine_division.jpg,CC BY-SA 4.0,"<a href=""//commons.wikimedia.org/w/index.php?title=User:Aditiaudi&amp;action=edit&amp;redlink=1"" class=""new"" title=""User:Aditiaudi (page does not exist)"">Aditiaudi</a>",Real packaging/photo file from Wikimedia Commons; medication identity and Yemen registration require local verification.
63,Yemen / global medicines,Ayursun Pharma Packing Division,,,,,images/f31eaaf6a5fc.jpg,https://commons.wikimedia.org/wiki/File%3AAyursun_Pharma_Packing_Division.jpg,https://upload.wikimedia.org/wikipedia/commons/thumb/d/d5/Ayursun_Pharma_Packing_Division.jpg/1280px-Ayursun_Pharma_Packing_Division.jpg,CC BY-SA 4.0,"<a href=""//commons.wikimedia.org/w/index.php?title=User:Aditiaudi&amp;action=edit&amp;redlink=1"" class=""new"" title=""User:Aditiaudi (page does not exist)"">Aditiaudi</a>",Real packaging/photo file from Wikimedia Commons; medication identity and Yemen registration require local verification.
64,Yemen / global medicines,Azelaic acid cream,,,,,images/af3906f1431c.jpg,https://commons.wikimedia.org/wiki/File%3AAzelaic_acid_cream.jpg,https://upload.wikimedia.org/wikipedia/commons/thumb/a/aa/Azelaic_acid_cream.jpg/1280px-Azelaic_acid_cream.jpg,CC0,"<a href=""//commons.wikimedia.org/wiki/User:%E7%84%A1%E8%81%8A%E9%BE%8D"" title=""User:無聊龍"">無聊龍</a>",Real packaging/photo file from Wikimedia Commons; medication identity and Yemen registration require local verification.
65,Yemen / global medicines,AZM (Acetazolamide),,,,,images/aa77539d19b2.jpg,https://commons.wikimedia.org/wiki/File%3AAZM_%28Acetazolamide%29.JPG,https://upload.wikimedia.org/wikipedia/commons/thumb/a/af/AZM_%28Acetazolamide%29.JPG/1280px-AZM_%28Acetazolamide%29.JPG,CC0,"<a href=""//commons.wikimedia.org/wiki/User:Miansari66"" title=""User:Miansari66"">Miansari66</a>",Real packaging/photo file from Wikimedia Commons; medication identity and Yemen registration require local verification.
66,Yemen / global medicines,Baclosan,,,,,images/d91d51a49108.jpg,https://commons.wikimedia.org/wiki/File%3ABaclosan.JPG,https://upload.wikimedia.org/wikipedia/commons/thumb/5/55/Baclosan.JPG/1280px-Baclosan.JPG,CC BY-SA 4.0,"<a href=""//commons.wikimedia.org/wiki/User:Vaccinationist"" title=""User:Vaccinationist"">Vaccinationist</a>",Real packaging/photo file from Wikimedia Commons; medication identity and Yemen registration require local verification.
67,Yemen / global medicines,Bactroban,,,,,images/77b393dafa94.jpg,https://commons.wikimedia.org/wiki/File%3ABactroban.JPG,https://upload.wikimedia.org/wikipedia/commons/thumb/5/52/Bactroban.JPG/1280px-Bactroban.JPG,CC BY 3.0,"<a href=""//commons.wikimedia.org/wiki/User:Bestiasonica"" title=""User:Bestiasonica"">Bestiasonica</a>",Real packaging/photo file from Wikimedia Commons; medication identity and Yemen registration require local verification.
68,Yemen / global medicines,Bactériophagique anti pseudomonas aeruginosa,,,,,images/f069f14398e3.jpg,https://commons.wikimedia.org/wiki/File%3ABact%C3%A9riophagique_anti_pseudomonas_aeruginosa.jpg,https://upload.wikimedia.org/wikipedia/commons/thumb/d/dd/Bact%C3%A9riophagique_anti_pseudomonas_aeruginosa.jpg/1280px-Bact%C3%A9riophagique_anti_pseudomonas_aeruginosa.jpg,CC BY-SA 4.0,"<a href=""//commons.wikimedia.org/w/index.php?title=User:Oasisllc&amp;action=edit&amp;redlink=1"" class=""new"" title=""User:Oasisllc (page does not exist)"">Oasisllc</a>",Real packaging/photo file from Wikimedia Commons; medication identity and Yemen registration require local verification.
69,Yemen / global medicines,Bactériophagiques pyo & pseudomonas aeruginosa,,,,,images/5ae3d8a53ac0.jpg,https://commons.wikimedia.org/wiki/File%3ABact%C3%A9riophagiques_pyo_%26_pseudomonas_aeruginosa.jpg,https://upload.wikimedia.org/wikipedia/commons/thumb/e/e9/Bact%C3%A9riophagiques_pyo_%26_pseudomonas_aeruginosa.jpg/1280px-Bact%C3%A9riophagiques_pyo_%26_pseudomonas_aeruginosa.jpg,CC BY-SA 4.0,"<a href=""//commons.wikimedia.org/w/index.php?title=User:Oasisllc&amp;action=edit&amp;redlink=1"" class=""new"" title=""User:Oasisllc (page does not exist)"">Oasisllc</a>",Real packaging/photo file from Wikimedia Commons; medication identity and Yemen registration require local verification.
70,Yemen / global medicines,Bactériophagiques russes staphylo & pyo,,,,,images/97992027fd21.jpg,https://commons.wikimedia.org/wiki/File%3ABact%C3%A9riophagiques_russes_staphylo_%26_pyo.jpg,https://upload.wikimedia.org/wikipedia/commons/thumb/6/6d/Bact%C3%A9riophagiques_russes_staphylo_%26_pyo.jpg/1280px-Bact%C3%A9riophagiques_russes_staphylo_%26_pyo.jpg,CC BY-SA 4.0,"<a href=""//commons.wikimedia.org/w/index.php?title=User:Oasisllc&amp;action=edit&amp;redlink=1"" class=""new"" title=""User:Oasisllc (page does not exist)"">Oasisllc</a>",Real packaging/photo file from Wikimedia Commons; medication identity and Yemen registration require local verification.
71,Yemen / global medicines,Banka-1,,,,,images/8b3dab8cf407.png,https://commons.wikimedia.org/wiki/File%3ABanka-1.png,https://upload.wikimedia.org/wikipedia/commons/9/9e/Banka-1.png,CC BY-SA 4.0,"<a href=""//commons.wikimedia.org/w/index.php?title=User:%D0%9C%D2%B1%D1%80%D0%B0%D0%B3%D0%B5%D1%80&amp;action=edit&amp;redlink=1"" class=""new"" title=""User:Мұрагер (page does not exist)"">Мұрагер</a>",Real packaging/photo file from Wikimedia Commons; medication identity and Yemen registration require local verification.
72,Yemen / global medicines,Barrier cream,,,,,images/6b56cc557971.jpg,https://commons.wikimedia.org/wiki/File%3ABarrier_cream.jpg,https://upload.wikimedia.org/wikipedia/commons/thumb/5/5a/Barrier_cream.jpg/1280px-Barrier_cream.jpg,CC BY-SA 4.0,"<a href=""//commons.wikimedia.org/w/index.php?title=User:CongruenceRelation&amp;action=edit&amp;redlink=1"" class=""new"" title=""User:CongruenceRelation (page does not exist)"">CongruenceRelation</a>",Real packaging/photo file from Wikimedia Commons; medication identity and Yemen registration require local verification.
73,Yemen / global medicines,BATHCLIN,,,,,images/8e07189bdb0c.jpg,https://commons.wikimedia.org/wiki/File%3ABATHCLIN.jpg,https://upload.wikimedia.org/wikipedia/commons/b/b4/BATHCLIN.jpg,CC BY-SA 3.0,"<a href=""//commons.wikimedia.org/wiki/User:Hanabishi"" title=""User:Hanabishi"">Hanabishi</a>",Real packaging/photo file from Wikimedia Commons; medication identity and Yemen registration require local verification.
74,Yemen / global medicines,"Batulechaur Health Post, Pokhara, Nepal (10676808455)",,,,,images/b091f6802123.jpg,https://commons.wikimedia.org/wiki/File%3ABatulechaur_Health_Post%2C_Pokhara%2C_Nepal_%2810676808455%29.jpg,https://upload.wikimedia.org/wikipedia/commons/thumb/7/7e/Batulechaur_Health_Post%2C_Pokhara%2C_Nepal_%2810676808455%29.jpg/1280px-Batulechaur_Health_Post%2C_Pokhara%2C_Nepal_%2810676808455%29.jpg,CC BY 2.0,AusAID/Jim Holmes,Real packaging/photo file from Wikimedia Commons; medication identity and Yemen registration require local verification.
75,Yemen / global medicines,"Bedrocan, medicinale cannabis flos 5 gram 2",,,,,images/76b9b4be6318.jpg,https://commons.wikimedia.org/wiki/File%3ABedrocan%2C_medicinale_cannabis_flos_5_gram_2.jpg,https://upload.wikimedia.org/wikipedia/commons/3/33/Bedrocan%2C_medicinale_cannabis_flos_5_gram_2.jpg,CC BY-SA 3.0,"Unknown author<span style=""display: none;"">Unknown author</span>",Real packaging/photo file from Wikimedia Commons; medication identity and Yemen registration require local verification.
76,Yemen / global medicines,Benazepril (60565172),,,,,images/80e7f50a6912.jpg,https://commons.wikimedia.org/wiki/File%3ABenazepril_%2860565172%29.jpeg,https://upload.wikimedia.org/wikipedia/commons/a/a3/Benazepril_%2860565172%29.jpeg,CC BY 3.0,"<div class=""fn value"">
<a rel=""nofollow"" class=""external text"" href=""https://500px.com/petmartpharmacy"">Petmart Pharmacy</a></div>",Real packaging/photo file from Wikimedia Commons; medication identity and Yemen registration require local verification.
77,Yemen / global medicines,Benepali 50 mg inj,,,,,images/2e910d16d969.jpg,https://commons.wikimedia.org/wiki/File%3ABenepali_50_mg_inj.jpg,https://upload.wikimedia.org/wikipedia/commons/thumb/2/20/Benepali_50_mg_inj.jpg/1280px-Benepali_50_mg_inj.jpg,CC BY-SA 4.0,"<a href=""//commons.wikimedia.org/w/index.php?title=User:Tomino_de_WS&amp;action=edit&amp;redlink=1"" class=""new"" title=""User:Tomino de WS (page does not exist)"">Tomino de WS</a>",Real packaging/photo file from Wikimedia Commons; medication identity and Yemen registration require local verification.
78,Yemen / global medicines,Benzedrex,,,,,images/989ad7838df5.jpg,https://commons.wikimedia.org/wiki/File%3ABenzedrex.jpg,https://upload.wikimedia.org/wikipedia/commons/b/b2/Benzedrex.jpg,CC0,"<a href=""//commons.wikimedia.org/wiki/User:Irruptive_Creditor"" title=""User:Irruptive Creditor"">Irruptive Creditor</a>",Real packaging/photo file from Wikimedia Commons; medication identity and Yemen registration require local verification.
79,Yemen / global medicines,Bepanthen® — BAYER — Augen- und Nasensalbe (Dexpanthenol) mit Verpackung und Beipackzettel — Deutschland,,,,,images/2fc8b14a4fc6.jpg,https://commons.wikimedia.org/wiki/File%3ABepanthen%C2%AE_%E2%80%94_BAYER_%E2%80%94_Augen-_und_Nasensalbe_%28Dexpanthenol%29_mit_Verpackung_und_Beipackzettel_%E2%80%94_Deutschland.jpg,https://upload.wikimedia.org/wikipedia/commons/thumb/c/c1/Bepanthen%C2%AE_%E2%80%94_BAYER_%E2%80%94_Augen-_und_Nasensalbe_%28Dexpanthenol%29_mit_Verpackung_und_Beipackzettel_%E2%80%94_Deutschland.jpg/1280px-Bepanthen%C2%AE_%E2%80%94_BAYER_%E2%80%94_Augen-_und_Nasensalbe_%28Dexpanthenol%29_mit_Verpackung_und_Beipackzettel_%E2%80%94_Deutschland.jpg,Public domain,"<a href=""//commons.wikimedia.org/wiki/User:Mattes"" title=""User:Mattes"">User:Mattes</a>",Real packaging/photo file from Wikimedia Commons; medication identity and Yemen registration require local verification.
80,Yemen / global medicines,Beta I Uruguay Cannabis Inside Package,,,,,images/af04ab7fa7ac.jpg,https://commons.wikimedia.org/wiki/File%3ABeta_I_Uruguay_Cannabis_Inside_Package.jpg,https://upload.wikimedia.org/wikipedia/commons/d/d5/Beta_I_Uruguay_Cannabis_Inside_Package.jpg,CC BY-SA 4.0,"<a href=""//commons.wikimedia.org/w/index.php?title=User:Maurirope&amp;action=edit&amp;redlink=1"" class=""new"" title=""User:Maurirope (page does not exist)"">maurirope</a>",Real packaging/photo file from Wikimedia Commons; medication identity and Yemen registration require local verification.
81,Yemen / global medicines,Beta I Uruguay Cannabis Outside Package,,,,,images/ed20daa944b7.jpg,https://commons.wikimedia.org/wiki/File%3ABeta_I_Uruguay_Cannabis_Outside_Package.jpg,https://upload.wikimedia.org/wikipedia/commons/thumb/c/c9/Beta_I_Uruguay_Cannabis_Outside_Package.jpg/1280px-Beta_I_Uruguay_Cannabis_Outside_Package.jpg,CC BY-SA 4.0,"<a href=""//commons.wikimedia.org/w/index.php?title=User:Maurirope&amp;action=edit&amp;redlink=1"" class=""new"" title=""User:Maurirope (page does not exist)"">maurirope</a>",Real packaging/photo file from Wikimedia Commons; medication identity and Yemen registration require local verification.
82,Yemen / global medicines,Betadine,,,,,images/07369d3cc0aa.jpg,https://commons.wikimedia.org/wiki/File%3ABetadine.jpg,https://upload.wikimedia.org/wikipedia/commons/3/3f/Betadine.jpg,CC BY-SA 4.0,"<a href=""//commons.wikimedia.org/w/index.php?title=User:Aneta_Crsov%C3%A1&amp;action=edit&amp;redlink=1"" class=""new"" title=""User:Aneta Crsová (page does not exist)"">Aneta Crsová</a>",Real packaging/photo file from Wikimedia Commons; medication identity and Yemen registration require local verification.
83,Yemen / global medicines,Betaloc ZOK,,,,,images/45b26571ed50.jpg,https://commons.wikimedia.org/wiki/File%3ABetaloc_ZOK.jpg,https://upload.wikimedia.org/wikipedia/commons/7/7e/Betaloc_ZOK.jpg,CC BY 4.0,"<a href=""//commons.wikimedia.org/w/index.php?title=User:Mvejr&amp;action=edit&amp;redlink=1"" class=""new"" title=""User:Mvejr (page does not exist)"">Mvejr</a>",Real packaging/photo file from Wikimedia Commons; medication identity and Yemen registration require local verification.
84,Yemen / global medicines,Betaserc,,,,,images/4e94e476daf9.png,https://commons.wikimedia.org/wiki/File%3ABetaserc.png,https://upload.wikimedia.org/wikipedia/commons/0/08/Betaserc.png,CC BY 3.0,"<a href=""//commons.wikimedia.org/w/index.php?title=User:Wedson&amp;action=edit&amp;redlink=1"" class=""new"" title=""User:Wedson (page does not exist)"">Wedson</a>",Real packaging/photo file from Wikimedia Commons; medication identity and Yemen registration require local verification.
85,Yemen / global medicines,Biological Immunomodulator,,,,,images/7058550a7ef3.png,https://commons.wikimedia.org/wiki/File%3ABiological_Immunomodulator.png,https://upload.wikimedia.org/wikipedia/commons/e/ee/Biological_Immunomodulator.png,CC BY-SA 4.0,"<a href=""//commons.wikimedia.org/w/index.php?title=User:Mr._Daryi&amp;action=edit&amp;redlink=1"" class=""new"" title=""User:Mr. Daryi (page does not exist)"">Mr. Daryi</a>",Real packaging/photo file from Wikimedia Commons; medication identity and Yemen registration require local verification.
86,Yemen / global medicines,"Bisoprolol 2,5 mg",,,,,images/1b5b0b163767.jpg,https://commons.wikimedia.org/wiki/File%3ABisoprolol_2%2C5_mg.jpg,https://upload.wikimedia.org/wikipedia/commons/thumb/2/22/Bisoprolol_2%2C5_mg.jpg/1280px-Bisoprolol_2%2C5_mg.jpg,CC BY-SA 4.0,"<a href=""//commons.wikimedia.org/w/index.php?title=User:Elia5&amp;action=edit&amp;redlink=1"" class=""new"" title=""User:Elia5 (page does not exist)"">Elia5</a>",Real packaging/photo file from Wikimedia Commons; medication identity and Yemen registration require local verification.
87,Yemen / global medicines,Boite de Protelos,,,,,images/4908795739af.jpg,https://commons.wikimedia.org/wiki/File%3ABoite_de_Protelos.jpg,https://upload.wikimedia.org/wikipedia/commons/thumb/9/99/Boite_de_Protelos.jpg/1280px-Boite_de_Protelos.jpg,CC0,"<a href=""//commons.wikimedia.org/w/index.php?title=User:Pifrac&amp;action=edit&amp;redlink=1"" class=""new"" title=""User:Pifrac (page does not exist)"">Pifrac</a>",Real packaging/photo file from Wikimedia Commons; medication identity and Yemen registration require local verification.
88,Yemen / global medicines,Bortezomib sobhan oncology,,,,,images/dee73b26f0d1.jpg,https://commons.wikimedia.org/wiki/File%3ABortezomib_sobhan_oncology.tif,https://upload.wikimedia.org/wikipedia/commons/thumb/0/0c/Bortezomib_sobhan_oncology.tif/lossless-page1-1280px-Bortezomib_sobhan_oncology.tif.png,CC BY-SA 4.0,"<a href=""//commons.wikimedia.org/w/index.php?title=User:Smhhda2&amp;action=edit&amp;redlink=1"" class=""new"" title=""User:Smhhda2 (page does not exist)"">Smhhda2</a>",Real packaging/photo file from Wikimedia Commons; medication identity and Yemen registration require local verification.
89,Yemen / global medicines,"Bottle, chemist (AM 1999.77.5-1)",,,,,images/96273e3c43ea.jpg,https://commons.wikimedia.org/wiki/File%3ABottle%2C_chemist_%28AM_1999.77.5-1%29.jpg,https://upload.wikimedia.org/wikipedia/commons/thumb/b/b7/Bottle%2C_chemist_%28AM_1999.77.5-1%29.jpg/1280px-Bottle%2C_chemist_%28AM_1999.77.5-1%29.jpg,CC BY 4.0,"<div class=""fn value"">
G Gray Chemist &amp; Optician</div>",Real packaging/photo file from Wikimedia Commons; medication identity and Yemen registration require local verification.
90,Yemen / global medicines,"Bottle, chemist (AM 1999.77.5-2)",,,,,images/b8dbd4182403.jpg,https://commons.wikimedia.org/wiki/File%3ABottle%2C_chemist_%28AM_1999.77.5-2%29.jpg,https://upload.wikimedia.org/wikipedia/commons/thumb/e/eb/Bottle%2C_chemist_%28AM_1999.77.5-2%29.jpg/1280px-Bottle%2C_chemist_%28AM_1999.77.5-2%29.jpg,CC BY 4.0,"<div class=""fn value"">
G Gray Chemist &amp; Optician</div>",Real packaging/photo file from Wikimedia Commons; medication identity and Yemen registration require local verification.
91,Yemen / global medicines,"Bottle, chemist (AM 1999.77.5-3)",,,,,images/60eb70bfa8b9.jpg,https://commons.wikimedia.org/wiki/File%3ABottle%2C_chemist_%28AM_1999.77.5-3%29.jpg,https://upload.wikimedia.org/wikipedia/commons/thumb/1/14/Bottle%2C_chemist_%28AM_1999.77.5-3%29.jpg/1280px-Bottle%2C_chemist_%28AM_1999.77.5-3%29.jpg,CC BY 4.0,"<div class=""fn value"">
G Gray Chemist &amp; Optician</div>",Real packaging/photo file from Wikimedia Commons; medication identity and Yemen registration require local verification.
92,Yemen / global medicines,"Bottle, chemist (AM 1999.77.7-1)",,,,,images/500bc31c13bb.jpg,https://commons.wikimedia.org/wiki/File%3ABottle%2C_chemist_%28AM_1999.77.7-1%29.jpg,https://upload.wikimedia.org/wikipedia/commons/6/64/Bottle%2C_chemist_%28AM_1999.77.7-1%29.jpg,CC BY 4.0,"<div class=""fn value"">
Blyth Harper</div>",Real packaging/photo file from Wikimedia Commons; medication identity and Yemen registration require local verification.
93,Yemen / global medicines,"Bottle, chemist (AM 1999.77.7-2)",,,,,images/b8c085adf97f.jpg,https://commons.wikimedia.org/wiki/File%3ABottle%2C_chemist_%28AM_1999.77.7-2%29.jpg,https://upload.wikimedia.org/wikipedia/commons/1/1c/Bottle%2C_chemist_%28AM_1999.77.7-2%29.jpg,CC BY 4.0,"<div class=""fn value"">
Blyth Harper</div>",Real packaging/photo file from Wikimedia Commons; medication identity and Yemen registration require local verification.
94,Yemen / global medicines,"Bottle, chemist (AM 1999.77.7-3)",,,,,images/e54bc9999137.jpg,https://commons.wikimedia.org/wiki/File%3ABottle%2C_chemist_%28AM_1999.77.7-3%29.jpg,https://upload.wikimedia.org/wikipedia/commons/thumb/5/57/Bottle%2C_chemist_%28AM_1999.77.7-3%29.jpg/1280px-Bottle%2C_chemist_%28AM_1999.77.7-3%29.jpg,CC BY 4.0,"<div class=""fn value"">
Blyth Harper</div>",Real packaging/photo file from Wikimedia Commons; medication identity and Yemen registration require local verification.
95,Yemen / global medicines,"Bottle, chemists (AM 1999.77.1-1)",,,,,images/1479f1edc393.jpg,https://commons.wikimedia.org/wiki/File%3ABottle%2C_chemists_%28AM_1999.77.1-1%29.jpg,https://upload.wikimedia.org/wikipedia/commons/thumb/3/39/Bottle%2C_chemists_%28AM_1999.77.1-1%29.jpg/1280px-Bottle%2C_chemists_%28AM_1999.77.1-1%29.jpg,CC BY 4.0,"<div class=""fn value"">
Taylor &amp; Co</div>",Real packaging/photo file from Wikimedia Commons; medication identity and Yemen registration require local verification.
96,Yemen / global medicines,"Bottle, chemists (AM 1999.77.1-2)",,,,,images/30f743b5bf30.jpg,https://commons.wikimedia.org/wiki/File%3ABottle%2C_chemists_%28AM_1999.77.1-2%29.jpg,https://upload.wikimedia.org/wikipedia/commons/7/7c/Bottle%2C_chemists_%28AM_1999.77.1-2%29.jpg,CC BY 4.0,"<div class=""fn value"">
Taylor &amp; Co</div>",Real packaging/photo file from Wikimedia Commons; medication identity and Yemen registration require local verification.
97,Yemen / global medicines,"Bottle, chemists (AM 1999.77.1-5)",,,,,images/062eb2b80b91.jpg,https://commons.wikimedia.org/wiki/File%3ABottle%2C_chemists_%28AM_1999.77.1-5%29.jpg,https://upload.wikimedia.org/wikipedia/commons/thumb/b/b5/Bottle%2C_chemists_%28AM_1999.77.1-5%29.jpg/1280px-Bottle%2C_chemists_%28AM_1999.77.1-5%29.jpg,CC BY 4.0,"<div class=""fn value"">
Taylor &amp; Co</div>",Real packaging/photo file from Wikimedia Commons; medication identity and Yemen registration require local verification.
98,Yemen / global medicines,Box of Colchicine,,,,,images/7ea24101d86d.jpg,https://commons.wikimedia.org/wiki/File%3ABox_of_Colchicine.JPG,https://upload.wikimedia.org/wikipedia/commons/thumb/e/e0/Box_of_Colchicine.JPG/1280px-Box_of_Colchicine.JPG,CC BY-SA 3.0,"<a href=""//commons.wikimedia.org/w/index.php?title=User:Eversame&amp;action=edit&amp;redlink=1"" class=""new"" title=""User:Eversame (page does not exist)"">Eversame</a>",Real packaging/photo file from Wikimedia Commons; medication identity and Yemen registration require local verification.
99,Yemen / global medicines,"Boxes, pharmaceutical (AM 629232-11)",,,,,images/fbe66678eed2.jpg,https://commons.wikimedia.org/wiki/File%3ABoxes%2C_pharmaceutical_%28AM_629232-11%29.jpg,https://upload.wikimedia.org/wikipedia/commons/thumb/b/bf/Boxes%2C_pharmaceutical_%28AM_629232-11%29.jpg/1280px-Boxes%2C_pharmaceutical_%28AM_629232-11%29.jpg,CC BY 4.0,,Real packaging/photo file from Wikimedia Commons; medication identity and Yemen registration require local verification.
100,Yemen / global medicines,"Boxes, pharmaceutical (AM 629232-14)",,,,,images/a4e6dec70628.jpg,https://commons.wikimedia.org/wiki/File%3ABoxes%2C_pharmaceutical_%28AM_629232-14%29.jpg,https://upload.wikimedia.org/wikipedia/commons/thumb/2/2b/Boxes%2C_pharmaceutical_%28AM_629232-14%29.jpg/1280px-Boxes%2C_pharmaceutical_%28AM_629232-14%29.jpg,CC BY 4.0,,Real packaging/photo file from Wikimedia Commons; medication identity and Yemen registration require local verification.
101,Yemen / global medicines,"Boxes, pharmaceutical (AM 629232-15)",,,,,images/be74b2ce9963.jpg,https://commons.wikimedia.org/wiki/File%3ABoxes%2C_pharmaceutical_%28AM_629232-15%29.jpg,https://upload.wikimedia.org/wikipedia/commons/thumb/e/e5/Boxes%2C_pharmaceutical_%28AM_629232-15%29.jpg/1280px-Boxes%2C_pharmaceutical_%28AM_629232-15%29.jpg,CC BY 4.0,,Real packaging/photo file from Wikimedia Commons; medication identity and Yemen registration require local verification.
102,Yemen / global medicines,"Boxes, pharmaceutical (AM 629232-2)",,,,,images/7c402f11b2bf.jpg,https://commons.wikimedia.org/wiki/File%3ABoxes%2C_pharmaceutical_%28AM_629232-2%29.jpg,https://upload.wikimedia.org/wikipedia/commons/thumb/b/b0/Boxes%2C_pharmaceutical_%28AM_629232-2%29.jpg/1280px-Boxes%2C_pharmaceutical_%28AM_629232-2%29.jpg,CC BY 4.0,,Real packaging/photo file from Wikimedia Commons; medication identity and Yemen registration require local verification.
103,Yemen / global medicines,"Boxes, pharmaceutical (AM 629232-20)",,,,,images/1185ed6f3c93.jpg,https://commons.wikimedia.org/wiki/File%3ABoxes%2C_pharmaceutical_%28AM_629232-20%29.jpg,https://upload.wikimedia.org/wikipedia/commons/thumb/b/b3/Boxes%2C_pharmaceutical_%28AM_629232-20%29.jpg/1280px-Boxes%2C_pharmaceutical_%28AM_629232-20%29.jpg,CC BY 4.0,,Real packaging/photo file from Wikimedia Commons; medication identity and Yemen registration require local verification.
104,Yemen / global medicines,"Boxes, pharmaceutical (AM 629232-21)",,,,,images/b51234310c4f.jpg,https://commons.wikimedia.org/wiki/File%3ABoxes%2C_pharmaceutical_%28AM_629232-21%29.jpg,https://upload.wikimedia.org/wikipedia/commons/thumb/e/e0/Boxes%2C_pharmaceutical_%28AM_629232-21%29.jpg/1280px-Boxes%2C_pharmaceutical_%28AM_629232-21%29.jpg,CC BY 4.0,,Real packaging/photo file from Wikimedia Commons; medication identity and Yemen registration require local verification.
105,Yemen / global medicines,"Boxes, pharmaceutical (AM 629232-28)",,,,,images/d6355cbf8622.jpg,https://commons.wikimedia.org/wiki/File%3ABoxes%2C_pharmaceutical_%28AM_629232-28%29.jpg,https://upload.wikimedia.org/wikipedia/commons/thumb/3/3b/Boxes%2C_pharmaceutical_%28AM_629232-28%29.jpg/1280px-Boxes%2C_pharmaceutical_%28AM_629232-28%29.jpg,CC BY 4.0,,Real packaging/photo file from Wikimedia Commons; medication identity and Yemen registration require local verification.
106,Yemen / global medicines,"Boxes, pharmaceutical (AM 629232-3)",,,,,images/8ca4e01a6667.jpg,https://commons.wikimedia.org/wiki/File%3ABoxes%2C_pharmaceutical_%28AM_629232-3%29.jpg,https://upload.wikimedia.org/wikipedia/commons/thumb/f/f0/Boxes%2C_pharmaceutical_%28AM_629232-3%29.jpg/1280px-Boxes%2C_pharmaceutical_%28AM_629232-3%29.jpg,CC BY 4.0,,Real packaging/photo file from Wikimedia Commons; medication identity and Yemen registration require local verification.
107,Yemen / global medicines,"Boxes, pharmaceutical (AM 629232-32)",,,,,images/6eaa72d2359d.jpg,https://commons.wikimedia.org/wiki/File%3ABoxes%2C_pharmaceutical_%28AM_629232-32%29.jpg,https://upload.wikimedia.org/wikipedia/commons/thumb/6/63/Boxes%2C_pharmaceutical_%28AM_629232-32%29.jpg/1280px-Boxes%2C_pharmaceutical_%28AM_629232-32%29.jpg,CC BY 4.0,,Real packaging/photo file from Wikimedia Commons; medication identity and Yemen registration require local verification.
108,Yemen / global medicines,"Boxes, pharmaceutical (AM 629232-33)",,,,,images/c973fa68db61.jpg,https://commons.wikimedia.org/wiki/File%3ABoxes%2C_pharmaceutical_%28AM_629232-33%29.jpg,https://upload.wikimedia.org/wikipedia/commons/thumb/b/b2/Boxes%2C_pharmaceutical_%28AM_629232-33%29.jpg/1280px-Boxes%2C_pharmaceutical_%28AM_629232-33%29.jpg,CC BY 4.0,,Real packaging/photo file from Wikimedia Commons; medication identity and Yemen registration require local verification.
109,Yemen / global medicines,"Boxes, pharmaceutical (AM 629232-38)",,,,,images/bf79e09aa4f4.jpg,https://commons.wikimedia.org/wiki/File%3ABoxes%2C_pharmaceutical_%28AM_629232-38%29.jpg,https://upload.wikimedia.org/wikipedia/commons/thumb/2/2d/Boxes%2C_pharmaceutical_%28AM_629232-38%29.jpg/1280px-Boxes%2C_pharmaceutical_%28AM_629232-38%29.jpg,CC BY 4.0,,Real packaging/photo file from Wikimedia Commons; medication identity and Yemen registration require local verification.
110,Yemen / global medicines,"Boxes, pharmaceutical (AM 629232-4)",,,,,images/4016831c5c00.jpg,https://commons.wikimedia.org/wiki/File%3ABoxes%2C_pharmaceutical_%28AM_629232-4%29.jpg,https://upload.wikimedia.org/wikipedia/commons/thumb/0/00/Boxes%2C_pharmaceutical_%28AM_629232-4%29.jpg/1280px-Boxes%2C_pharmaceutical_%28AM_629232-4%29.jpg,CC BY 4.0,,Real packaging/photo file from Wikimedia Commons; medication identity and Yemen registration require local verification.
111,Yemen / global medicines,"Boxes, pharmaceutical (AM 629232-41)",,,,,images/20a5226d69b6.jpg,https://commons.wikimedia.org/wiki/File%3ABoxes%2C_pharmaceutical_%28AM_629232-41%29.jpg,https://upload.wikimedia.org/wikipedia/commons/thumb/6/69/Boxes%2C_pharmaceutical_%28AM_629232-41%29.jpg/1280px-Boxes%2C_pharmaceutical_%28AM_629232-41%29.jpg,CC BY 4.0,,Real packaging/photo file from Wikimedia Commons; medication identity and Yemen registration require local verification.
112,Yemen / global medicines,"Boxes, pharmaceutical (AM 629232-42)",,,,,images/e6e08321c553.jpg,https://commons.wikimedia.org/wiki/File%3ABoxes%2C_pharmaceutical_%28AM_629232-42%29.jpg,https://upload.wikimedia.org/wikipedia/commons/thumb/9/90/Boxes%2C_pharmaceutical_%28AM_629232-42%29.jpg/1280px-Boxes%2C_pharmaceutical_%28AM_629232-42%29.jpg,CC BY 4.0,,Real packaging/photo file from Wikimedia Commons; medication identity and Yemen registration require local verification.
113,Yemen / global medicines,"Boxes, pharmaceutical (AM 629232-5)",,,,,images/7bc3f4ef890c.jpg,https://commons.wikimedia.org/wiki/File%3ABoxes%2C_pharmaceutical_%28AM_629232-5%29.jpg,https://upload.wikimedia.org/wikipedia/commons/thumb/9/9e/Boxes%2C_pharmaceutical_%28AM_629232-5%29.jpg/1280px-Boxes%2C_pharmaceutical_%28AM_629232-5%29.jpg,CC BY 4.0,,Real packaging/photo file from Wikimedia Commons; medication identity and Yemen registration require local verification.
114,Yemen / global medicines,"Boxes, pharmaceutical (AM 629232-6)",,,,,images/89926ece00ac.jpg,https://commons.wikimedia.org/wiki/File%3ABoxes%2C_pharmaceutical_%28AM_629232-6%29.jpg,https://upload.wikimedia.org/wikipedia/commons/thumb/e/e1/Boxes%2C_pharmaceutical_%28AM_629232-6%29.jpg/1280px-Boxes%2C_pharmaceutical_%28AM_629232-6%29.jpg,CC BY 4.0,,Real packaging/photo file from Wikimedia Commons; medication identity and Yemen registration require local verification.
115,Yemen / global medicines,Boîte de 30 comprimés sécables de Solian 100mg (amisulpride),,,,,images/b636783ea7bc.jpg,https://commons.wikimedia.org/wiki/File%3ABo%C3%AEte_de_30_comprim%C3%A9s_s%C3%A9cables_de_Solian_100mg_%28amisulpride%29.jpg,https://upload.wikimedia.org/wikipedia/commons/thumb/6/63/Bo%C3%AEte_de_30_comprim%C3%A9s_s%C3%A9cables_de_Solian_100mg_%28amisulpride%29.jpg/1280px-Bo%C3%AEte_de_30_comprim%C3%A9s_s%C3%A9cables_de_Solian_100mg_%28amisulpride%29.jpg,CC BY-SA 4.0,"<a href=""//commons.wikimedia.org/w/index.php?title=User:Lucasp24&amp;action=edit&amp;redlink=1"" class=""new"" title=""User:Lucasp24 (page does not exist)"">Lucasp24</a>",Real packaging/photo file from Wikimedia Commons; medication identity and Yemen registration require local verification.
116,Yemen / global medicines,Boîte de Dogmatil 50 mg,,,,,images/d4145dea2cd3.jpg,https://commons.wikimedia.org/wiki/File%3ABo%C3%AEte_de_Dogmatil_50_mg.jpg,https://upload.wikimedia.org/wikipedia/commons/thumb/3/38/Bo%C3%AEte_de_Dogmatil_50_mg.jpg/1280px-Bo%C3%AEte_de_Dogmatil_50_mg.jpg,CC0,"<a href=""//commons.wikimedia.org/w/index.php?title=User:Biriwiki&amp;action=edit&amp;redlink=1"" class=""new"" title=""User:Biriwiki (page does not exist)"">Biriwiki</a>",Real packaging/photo file from Wikimedia Commons; medication identity and Yemen registration require local verification.
117,Yemen / global medicines,Brilliant green 1a,,,,,images/5698c50094fc.jpg,https://commons.wikimedia.org/wiki/File%3ABrilliant_green_1a.jpg,https://upload.wikimedia.org/wikipedia/commons/0/07/Brilliant_green_1a.jpg,Public domain,"<a href=""//commons.wikimedia.org/wiki/User:Vadim_Akopyan"" title=""User:Vadim Akopyan"">Vadim Akopyan</a>",Real packaging/photo file from Wikimedia Commons; medication identity and Yemen registration require local verification.
118,Yemen / global medicines,Buprenorphine naloxone Tablets Bottle,,,,,images/7941dffc54dd.jpg,https://commons.wikimedia.org/wiki/File%3ABuprenorphine_naloxone_Tablets_Bottle.jpg,https://upload.wikimedia.org/wikipedia/commons/thumb/3/34/Buprenorphine_naloxone_Tablets_Bottle.jpg/1280px-Buprenorphine_naloxone_Tablets_Bottle.jpg,CC BY-SA 3.0,"<a href=""//commons.wikimedia.org/wiki/User:Tmeers91"" title=""User:Tmeers91"">Tmeers91</a>",Real packaging/photo file from Wikimedia Commons; medication identity and Yemen registration require local verification.
119,Yemen / global medicines,"Cachets Mijnhardt, Mijnhardtjes, tegen griep en pijn, pic2",,,,,images/2a62df154f08.jpg,https://commons.wikimedia.org/wiki/File%3ACachets_Mijnhardt%2C_Mijnhardtjes%2C_tegen_griep_en_pijn%2C_pic2.JPG,https://upload.wikimedia.org/wikipedia/commons/thumb/9/90/Cachets_Mijnhardt%2C_Mijnhardtjes%2C_tegen_griep_en_pijn%2C_pic2.JPG/1280px-Cachets_Mijnhardt%2C_Mijnhardtjes%2C_tegen_griep_en_pijn%2C_pic2.JPG,CC0,Alf van Beem,Real packaging/photo file from Wikimedia Commons; medication identity and Yemen registration require local verification.
120,Yemen / global medicines,Caffetin Alkaloid,,,,,images/eeb0aaae15ae.jpg,https://commons.wikimedia.org/wiki/File%3ACaffetin_Alkaloid.jpg,https://upload.wikimedia.org/wikipedia/commons/thumb/7/7e/Caffetin_Alkaloid.jpg/1280px-Caffetin_Alkaloid.jpg,CC BY-SA 4.0,"<a href=""//commons.wikimedia.org/w/index.php?title=User:Buli&amp;action=edit&amp;redlink=1"" class=""new"" title=""User:Buli (page does not exist)"">Buli</a>",Real packaging/photo file from Wikimedia Commons; medication identity and Yemen registration require local verification.
121,Yemen / global medicines,"Calcium gluconicum, Farmapol Poznan, 1984",,,,,images/626181ebe2c4.jpg,https://commons.wikimedia.org/wiki/File%3ACalcium_gluconicum%2C_Farmapol_Poznan%2C_1984.JPG,https://upload.wikimedia.org/wikipedia/commons/7/73/Calcium_gluconicum%2C_Farmapol_Poznan%2C_1984.JPG,CC BY-SA 3.0,"<a href=""//commons.wikimedia.org/wiki/User:MOs810"" title=""User:MOs810"">MOs810</a>",Real packaging/photo file from Wikimedia Commons; medication identity and Yemen registration require local verification.
122,Yemen / global medicines,Calcium-pantotenat,,,,,images/40811c3577ef.jpg,https://commons.wikimedia.org/wiki/File%3ACalcium-pantotenat.jpg,https://upload.wikimedia.org/wikipedia/commons/thumb/b/ba/Calcium-pantotenat.jpg/1280px-Calcium-pantotenat.jpg,CC BY-SA 4.0,"<a href=""//commons.wikimedia.org/wiki/User:Wesalius"" title=""User:Wesalius"">Wesalius</a>",Real packaging/photo file from Wikimedia Commons; medication identity and Yemen registration require local verification.
123,Yemen / global medicines,"Calcocylin, German medication for headache, flu, toothache and musscle ache, 1940s",,,,,images/fb55dea3a350.jpg,https://commons.wikimedia.org/wiki/File%3ACalcocylin%2C_German_medication_for_headache%2C_flu%2C_toothache_and_musscle_ache%2C_1940s.JPG,https://upload.wikimedia.org/wikipedia/commons/thumb/9/9d/Calcocylin%2C_German_medication_for_headache%2C_flu%2C_toothache_and_musscle_ache%2C_1940s.JPG/1280px-Calcocylin%2C_German_medication_for_headache%2C_flu%2C_toothache_and_musscle_ache%2C_1940s.JPG,CC BY-SA 4.0,"<a href=""//commons.wikimedia.org/wiki/User:KingaNBM"" title=""User:KingaNBM"">KingaNBM</a>",Real packaging/photo file from Wikimedia Commons; medication identity and Yemen registration require local verification.
124,Yemen / global medicines,Canesten,,,,,images/a5ae416032da.jpg,https://commons.wikimedia.org/wiki/File%3ACanesten.jpg,https://upload.wikimedia.org/wikipedia/commons/thumb/7/72/Canesten.jpg/1280px-Canesten.jpg,Public domain,"<a href=""https://en.wikipedia.org/wiki/User:Editor182"" class=""extiw"" title=""en:User:Editor182"">Editor182</a>",Real packaging/photo file from Wikimedia Commons; medication identity and Yemen registration require local verification.
125,Yemen / global medicines,Carbo sal,,,,,images/3237a2d0b198.jpg,https://commons.wikimedia.org/wiki/File%3ACarbo_sal.jpg,https://upload.wikimedia.org/wikipedia/commons/thumb/1/1f/Carbo_sal.jpg/1280px-Carbo_sal.jpg,CC BY 4.0,"<a href=""//commons.wikimedia.org/wiki/User:Polandor"" title=""User:Polandor"">Polandor</a>",Real packaging/photo file from Wikimedia Commons; medication identity and Yemen registration require local verification.
126,Yemen / global medicines,Cardiac Epinephrine (cropped),,,,,images/7b41f57d25bb.jpg,https://commons.wikimedia.org/wiki/File%3ACardiac_Epinephrine_%28cropped%29.jpg,https://upload.wikimedia.org/wikipedia/commons/thumb/3/31/Cardiac_Epinephrine_%28cropped%29.jpg/1280px-Cardiac_Epinephrine_%28cropped%29.jpg,CC BY-SA 4.0,"<a href=""//commons.wikimedia.org/wiki/User:Intropin"" title=""User:Intropin"">Mark Oniffrey</a>",Real packaging/photo file from Wikimedia Commons; medication identity and Yemen registration require local verification.
127,Yemen / global medicines,Carisoprodol packaging,,,,,images/5e6c3b411e90.jpg,https://commons.wikimedia.org/wiki/File%3ACarisoprodol_packaging.jpg,https://upload.wikimedia.org/wikipedia/commons/5/51/Carisoprodol_packaging.jpg,CC BY 4.0,James1cooper1,Real packaging/photo file from Wikimedia Commons; medication identity and Yemen registration require local verification.
128,Yemen / global medicines,Castor oil 1825,,,,,images/20b92d4e5f66.jpg,https://commons.wikimedia.org/wiki/File%3ACastor_oil_1825.jpg,https://upload.wikimedia.org/wikipedia/commons/e/e6/Castor_oil_1825.jpg,Public domain,"Unknown author<span style=""display: none;"">Unknown author</span>",Real packaging/photo file from Wikimedia Commons; medication identity and Yemen registration require local verification.
129,Yemen / global medicines,Cerebrolysin,,,,,images/d65c6942d167.jpg,https://commons.wikimedia.org/wiki/File%3ACerebrolysin.jpg,https://upload.wikimedia.org/wikipedia/commons/5/50/Cerebrolysin.jpg,Public domain,chan,Real packaging/photo file from Wikimedia Commons; medication identity and Yemen registration require local verification.
130,Yemen / global medicines,Ciklopirox,,,,,images/fec12e2a9064.jpg,https://commons.wikimedia.org/wiki/File%3ACiklopirox.jpg,https://upload.wikimedia.org/wikipedia/commons/thumb/3/32/Ciklopirox.jpg/1280px-Ciklopirox.jpg,CC BY-SA 4.0,"<a href=""//commons.wikimedia.org/w/index.php?title=User:Mvejr&amp;action=edit&amp;redlink=1"" class=""new"" title=""User:Mvejr (page does not exist)"">Mvejr</a>",Real packaging/photo file from Wikimedia Commons; medication identity and Yemen registration require local verification.
131,Yemen / global medicines,Ciproxine 500,,,,,images/5d93bb7c2c61.jpg,https://commons.wikimedia.org/wiki/File%3ACiproxine_500.JPG,https://upload.wikimedia.org/wikipedia/commons/3/37/Ciproxine_500.JPG,Public domain,"<a href=""https://en.wikipedia.org/wiki/User:Abxbay"" class=""extiw"" title=""en:User:Abxbay"">Abxbay</a> (<a href=""https://en.wikipedia.org/wiki/User_talk:Abxbay"" class=""extiw"" title=""en:User talk:Abxbay"">talk</a>)",Real packaging/photo file from Wikimedia Commons; medication identity and Yemen registration require local verification.
132,Yemen / global medicines,Citalopram-ratiopharm 40 mg,,,,,images/a32314db5d5c.jpg,https://commons.wikimedia.org/wiki/File%3ACitalopram-ratiopharm_40_mg.jpg,https://upload.wikimedia.org/wikipedia/commons/thumb/a/a2/Citalopram-ratiopharm_40_mg.jpg/1280px-Citalopram-ratiopharm_40_mg.jpg,CC BY-SA 4.0,"<a href=""//commons.wikimedia.org/w/index.php?title=User:Elia5&amp;action=edit&amp;redlink=1"" class=""new"" title=""User:Elia5 (page does not exist)"">Elia5</a>",Real packaging/photo file from Wikimedia Commons; medication identity and Yemen registration require local verification.
133,Yemen / global medicines,"Clap Mixture, Pharmacy Museum, New Orleans, LA",,,,,images/d9154a9320da.jpg,https://commons.wikimedia.org/wiki/File%3AClap_Mixture%2C_Pharmacy_Museum%2C_New_Orleans%2C_LA.jpg,https://upload.wikimedia.org/wikipedia/commons/thumb/b/be/Clap_Mixture%2C_Pharmacy_Museum%2C_New_Orleans%2C_LA.jpg/1280px-Clap_Mixture%2C_Pharmacy_Museum%2C_New_Orleans%2C_LA.jpg,CC BY-SA 4.0,"<a href=""//commons.wikimedia.org/w/index.php?title=User:KernelChikn&amp;action=edit&amp;redlink=1"" class=""new"" title=""User:KernelChikn (page does not exist)"">KernelChikn</a>",Real packaging/photo file from Wikimedia Commons; medication identity and Yemen registration require local verification.
134,Yemen / global medicines,Claustrogex,,,,,images/5c544a220d65.jpg,https://commons.wikimedia.org/wiki/File%3AClaustrogex.jpg,https://upload.wikimedia.org/wikipedia/commons/2/26/Claustrogex.jpg,CC BY-SA 4.0,"<a href=""//commons.wikimedia.org/w/index.php?title=User:Bertnad%C3%A8re&amp;action=edit&amp;redlink=1"" class=""new"" title=""User:Bertnadère (page does not exist)"">Bertnadère</a>",Real packaging/photo file from Wikimedia Commons; medication identity and Yemen registration require local verification.
135,Yemen / global medicines,Cleviprex 50ml 100ml vial,,,,,images/70019e6f2257.jpg,https://commons.wikimedia.org/wiki/File%3ACleviprex_50ml_100ml_vial.jpg,https://upload.wikimedia.org/wikipedia/commons/thumb/b/b2/Cleviprex_50ml_100ml_vial.jpg/1280px-Cleviprex_50ml_100ml_vial.jpg,Copyrighted free use,The Medicines Company,Real packaging/photo file from Wikimedia Commons; medication identity and Yemen registration require local verification.
136,Yemen / global medicines,CLORAXENE Clorazepate 10mg,,,,,images/d8b28784bb58.jpg,https://commons.wikimedia.org/wiki/File%3ACLORAXENE_Clorazepate_10mg.jpg,https://upload.wikimedia.org/wikipedia/commons/thumb/d/d2/CLORAXENE_Clorazepate_10mg.jpg/1280px-CLORAXENE_Clorazepate_10mg.jpg,CC0,"<a href=""//commons.wikimedia.org/w/index.php?title=User:Mystrixo&amp;action=edit&amp;redlink=1"" class=""new"" title=""User:Mystrixo (page does not exist)"">Mystrixo</a>",Real packaging/photo file from Wikimedia Commons; medication identity and Yemen registration require local verification.
137,Yemen / global medicines,Clotrimazol óvulos 500,,,,,images/69aa0dcc073c.jpg,https://commons.wikimedia.org/wiki/File%3AClotrimazol_%C3%B3vulos_500.jpg,https://upload.wikimedia.org/wikipedia/commons/thumb/2/2b/Clotrimazol_%C3%B3vulos_500.jpg/1280px-Clotrimazol_%C3%B3vulos_500.jpg,Public domain,"<a href=""//commons.wikimedia.org/wiki/User_talk:Sarang"" title=""User talk:Sarang"">Sarang</a>",Real packaging/photo file from Wikimedia Commons; medication identity and Yemen registration require local verification.
138,Yemen / global medicines,Cocillana,,,,,images/57215e5335bf.jpg,https://commons.wikimedia.org/wiki/File%3ACocillana.JPG,https://upload.wikimedia.org/wikipedia/commons/thumb/e/ed/Cocillana.JPG/1280px-Cocillana.JPG,CC0,"<a href=""//commons.wikimedia.org/wiki/User:Xanor"" title=""User:Xanor"">Xanor</a>",Real packaging/photo file from Wikimedia Commons; medication identity and Yemen registration require local verification.
139,Yemen / global medicines,COCP Regulon (box) 01,,,,,images/3d76dfea0ae2.jpg,https://commons.wikimedia.org/wiki/File%3ACOCP_Regulon_%28box%29_01.jpg,https://upload.wikimedia.org/wikipedia/commons/thumb/b/ba/COCP_Regulon_%28box%29_01.jpg/1280px-COCP_Regulon_%28box%29_01.jpg,CC BY 4.0,"<a href=""//commons.wikimedia.org/wiki/User:RoodyAlien"" title=""User:RoodyAlien"">RoodyAlien</a>",Real packaging/photo file from Wikimedia Commons; medication identity and Yemen registration require local verification.
140,Yemen / global medicines,COCP Regulon (box) 02,,,,,images/7c8644035d27.jpg,https://commons.wikimedia.org/wiki/File%3ACOCP_Regulon_%28box%29_02.jpg,https://upload.wikimedia.org/wikipedia/commons/thumb/4/4f/COCP_Regulon_%28box%29_02.jpg/1280px-COCP_Regulon_%28box%29_02.jpg,CC BY 4.0,"<a href=""//commons.wikimedia.org/wiki/User:RoodyAlien"" title=""User:RoodyAlien"">RoodyAlien</a>",Real packaging/photo file from Wikimedia Commons; medication identity and Yemen registration require local verification.
141,Yemen / global medicines,Codeinum phosphoricum forte Compren Desma,,,,,images/3e3a0f59e124.jpg,https://commons.wikimedia.org/wiki/File%3ACodeinum_phosphoricum_forte_Compren_Desma.jpg,https://upload.wikimedia.org/wikipedia/commons/thumb/7/77/Codeinum_phosphoricum_forte_Compren_Desma.jpg/1280px-Codeinum_phosphoricum_forte_Compren_Desma.jpg,CC0,"<a href=""//commons.wikimedia.org/wiki/User:Stefan_Bellini"" title=""User:Stefan Bellini"">Stefan Bellini</a>",Real packaging/photo file from Wikimedia Commons; medication identity and Yemen registration require local verification.
142,Yemen / global medicines,CODITAM,,,,,images/22dc2f3a965b.jpg,https://commons.wikimedia.org/wiki/File%3ACODITAM.jpg,https://upload.wikimedia.org/wikipedia/commons/8/85/CODITAM.jpg,CC BY-SA 4.0,"<a href=""//commons.wikimedia.org/w/index.php?title=User:Faesalmemes&amp;action=edit&amp;redlink=1"" class=""new"" title=""User:Faesalmemes (page does not exist)"">Faesalmemes</a>",Real packaging/photo file from Wikimedia Commons; medication identity and Yemen registration require local verification.
143,Yemen / global medicines,Collage etichette farmaci anni 50,,,,,images/bc26fd83bc18.jpg,https://commons.wikimedia.org/wiki/File%3ACollage_etichette_farmaci_anni_50.jpg,https://upload.wikimedia.org/wikipedia/commons/c/cb/Collage_etichette_farmaci_anni_50.jpg,CC BY-SA 3.0,Gruppo Bracco,Real packaging/photo file from Wikimedia Commons; medication identity and Yemen registration require local verification.
144,Yemen / global medicines,Concor Sales In China,,,,,images/318e15ee775c.jpg,https://commons.wikimedia.org/wiki/File%3AConcor_Sales_In_China.jpg,https://upload.wikimedia.org/wikipedia/commons/thumb/5/5e/Concor_Sales_In_China.jpg/1280px-Concor_Sales_In_China.jpg,CC BY-SA 4.0,"<a href=""//commons.wikimedia.org/wiki/User:Skirtick"" title=""User:Skirtick"">Skirtick</a>",Real packaging/photo file from Wikimedia Commons; medication identity and Yemen registration require local verification.
145,Yemen / global medicines,Convulex - 300mg,,,,,images/0ebcce253e95.jpg,https://commons.wikimedia.org/wiki/File%3AConvulex_-_300mg.JPG,https://upload.wikimedia.org/wikipedia/commons/thumb/c/c9/Convulex_-_300mg.JPG/1280px-Convulex_-_300mg.JPG,Public domain,"<a href=""//commons.wikimedia.org/w/index.php?title=User:Ysiulec&amp;action=edit&amp;redlink=1"" class=""new"" title=""User:Ysiulec (page does not exist)"">Ysiulec</a>",Real packaging/photo file from Wikimedia Commons; medication identity and Yemen registration require local verification.
146,Yemen / global medicines,Copaxone,,,,,images/02d52a204d4b.jpg,https://commons.wikimedia.org/wiki/File%3ACopaxone.jpg,https://upload.wikimedia.org/wikipedia/commons/f/ff/Copaxone.jpg,CC BY-SA 3.0,"<a href=""//commons.wikimedia.org/w/index.php?title=User:Mariusz_Ch.&amp;action=edit&amp;redlink=1"" class=""new"" title=""User:Mariusz Ch. (page does not exist)"">Mariusz Ch.</a>",Real packaging/photo file from Wikimedia Commons; medication identity and Yemen registration require local verification.
147,Yemen / global medicines,Corinfar TEVA,,,,,images/cb4caa1a30f8.jpg,https://commons.wikimedia.org/wiki/File%3ACorinfar_TEVA.JPG,https://upload.wikimedia.org/wikipedia/commons/thumb/9/9f/Corinfar_TEVA.JPG/1280px-Corinfar_TEVA.JPG,Public domain,"<a href=""//commons.wikimedia.org/wiki/User:Dmitry_G"" title=""User:Dmitry G"">Dmitry G</a>",Real packaging/photo file from Wikimedia Commons; medication identity and Yemen registration require local verification.
148,Yemen / global medicines,Coronavac (Brazilian version) 2021 P,,,,,images/9689f4742c23.jpg,https://commons.wikimedia.org/wiki/File%3ACoronavac_%28Brazilian_version%29_2021_P.jpeg,https://upload.wikimedia.org/wikipedia/commons/thumb/3/38/Coronavac_%28Brazilian_version%29_2021_P.jpeg/1280px-Coronavac_%28Brazilian_version%29_2021_P.jpeg,Public domain,"<a rel=""nofollow"" class=""external text"" href=""https://www.flickr.com/people/48712917@N02"">ASCOM Prefeitura de Votuporanga</a>",Real packaging/photo file from Wikimedia Commons; medication identity and Yemen registration require local verification.
149,Yemen / global medicines,Cortizone 10 with Aloe1,,,,,images/32e9ef4dade3.jpg,https://commons.wikimedia.org/wiki/File%3ACortizone_10_with_Aloe1.jpg,https://upload.wikimedia.org/wikipedia/commons/thumb/4/4f/Cortizone_10_with_Aloe1.jpg/1280px-Cortizone_10_with_Aloe1.jpg,CC BY-SA 4.0,,Real packaging/photo file from Wikimedia Commons; medication identity and Yemen registration require local verification.
150,Yemen / global medicines,Cosopt Korean,,,,,images/e9e0b38ca36f.jpg,https://commons.wikimedia.org/wiki/File%3ACosopt_Korean.jpg,https://upload.wikimedia.org/wikipedia/commons/thumb/8/89/Cosopt_Korean.jpg/1280px-Cosopt_Korean.jpg,CC BY-SA 4.0,"<a href=""//commons.wikimedia.org/wiki/User:Twotwo2019"" title=""User:Twotwo2019"">Twotwo2019</a>",Real packaging/photo file from Wikimedia Commons; medication identity and Yemen registration require local verification.
151,Yemen / global medicines,Cough medicine002,,,,,images/83fbce8a6e0c.jpg,https://commons.wikimedia.org/wiki/File%3ACough_medicine002.jpg,https://upload.wikimedia.org/wikipedia/commons/thumb/3/38/Cough_medicine002.jpg/1280px-Cough_medicine002.jpg,CC BY-SA 4.0,"<a href=""//commons.wikimedia.org/w/index.php?title=User:Don_miraj&amp;action=edit&amp;redlink=1"" class=""new"" title=""User:Don miraj (page does not exist)"">Don miraj</a>",Real packaging/photo file from Wikimedia Commons; medication identity and Yemen registration require local verification.
152,Yemen / global medicines,Curam 625mg,,,,,images/c57d5a7fd4fd.jpg,https://commons.wikimedia.org/wiki/File%3ACuram_625mg.jpg,https://upload.wikimedia.org/wikipedia/commons/thumb/6/6b/Curam_625mg.jpg/1280px-Curam_625mg.jpg,CC BY-SA 4.0,"<a href=""//commons.wikimedia.org/w/index.php?title=User:Islam_h01&amp;action=edit&amp;redlink=1"" class=""new"" title=""User:Islam h01 (page does not exist)"">Islam h01</a>",Real packaging/photo file from Wikimedia Commons; medication identity and Yemen registration require local verification.
153,Yemen / global medicines,Daivobet,,,,,images/59432b8b4834.jpg,https://commons.wikimedia.org/wiki/File%3ADaivobet.jpeg,https://upload.wikimedia.org/wikipedia/commons/3/38/Daivobet.jpeg,CC BY-SA 3.0,"<a href=""//commons.wikimedia.org/w/index.php?title=User:RodrigoMeneses&amp;action=edit&amp;redlink=1"" class=""new"" title=""User:RodrigoMeneses (page does not exist)"">RodrigoMeneses</a>",Real packaging/photo file from Wikimedia Commons; medication identity and Yemen registration require local verification.
154,Yemen / global medicines,Debacterol and Oralmedic swabs and packaging,,,,,images/b6594f6cd284.jpg,https://commons.wikimedia.org/wiki/File%3ADebacterol_and_Oralmedic_swabs_and_packaging.jpg,https://upload.wikimedia.org/wikipedia/commons/thumb/1/1f/Debacterol_and_Oralmedic_swabs_and_packaging.jpg/1280px-Debacterol_and_Oralmedic_swabs_and_packaging.jpg,CC0,"<a href=""//commons.wikimedia.org/w/index.php?title=User:Patcat88&amp;action=edit&amp;redlink=1"" class=""new"" title=""User:Patcat88 (page does not exist)"">Patcat88</a>",Real packaging/photo file from Wikimedia Commons; medication identity and Yemen registration require local verification.
155,Yemen / global medicines,Debacterol single use swab 1,,,,,images/0f8ef4ed3708.jpg,https://commons.wikimedia.org/wiki/File%3ADebacterol_single_use_swab_1.JPG,https://upload.wikimedia.org/wikipedia/commons/thumb/4/4b/Debacterol_single_use_swab_1.JPG/1280px-Debacterol_single_use_swab_1.JPG,Public domain,"<a href=""//commons.wikimedia.org/w/index.php?title=User:Patcat88&amp;action=edit&amp;redlink=1"" class=""new"" title=""User:Patcat88 (page does not exist)"">Patcat88</a>",Real packaging/photo file from Wikimedia Commons; medication identity and Yemen registration require local verification.
156,Yemen / global medicines,Debacterol single use swab 2,,,,,images/81a06ab3c76c.jpg,https://commons.wikimedia.org/wiki/File%3ADebacterol_single_use_swab_2.JPG,https://upload.wikimedia.org/wikipedia/commons/thumb/0/04/Debacterol_single_use_swab_2.JPG/1280px-Debacterol_single_use_swab_2.JPG,Public domain,"<a href=""//commons.wikimedia.org/w/index.php?title=User:Patcat88&amp;action=edit&amp;redlink=1"" class=""new"" title=""User:Patcat88 (page does not exist)"">Patcat88</a>",Real packaging/photo file from Wikimedia Commons; medication identity and Yemen registration require local verification.
157,Yemen / global medicines,Deep-drawn MDI can by H&T Presspart,,,,,images/d2ac16c6f855.jpg,https://commons.wikimedia.org/wiki/File%3ADeep-drawn_MDI_can_by_H%26T_Presspart.jpg,https://upload.wikimedia.org/wikipedia/commons/8/8a/Deep-drawn_MDI_can_by_H%26T_Presspart.jpg,CC BY-SA 4.0,"<a href=""//commons.wikimedia.org/w/index.php?title=User:Chad_mayoh&amp;action=edit&amp;redlink=1"" class=""new"" title=""User:Chad mayoh (page does not exist)"">Chad mayoh</a>",Real packaging/photo file from Wikimedia Commons; medication identity and Yemen registration require local verification.
158,Yemen / global medicines,"Depo-Medrol (Methylprednisolone Acetate injectable suspension, USP)",,,,,images/0a767f6bf905.jpg,https://commons.wikimedia.org/wiki/File%3ADepo-Medrol_%28Methylprednisolone_Acetate_injectable_suspension%2C_USP%29.jpg,https://upload.wikimedia.org/wikipedia/commons/thumb/2/27/Depo-Medrol_%28Methylprednisolone_Acetate_injectable_suspension%2C_USP%29.jpg/1280px-Depo-Medrol_%28Methylprednisolone_Acetate_injectable_suspension%2C_USP%29.jpg,CC BY-SA 3.0,"<a href=""//commons.wikimedia.org/w/index.php?title=User:EDNC&amp;action=edit&amp;redlink=1"" class=""new"" title=""User:EDNC (page does not exist)"">EDNC</a>",Real packaging/photo file from Wikimedia Commons; medication identity and Yemen registration require local verification.
159,Yemen / global medicines,"DepoMedrol2 (Methylprednisolone Acetate injectable suspension, USP)",,,,,images/2e3e7977b54d.jpg,https://commons.wikimedia.org/wiki/File%3ADepoMedrol2_%28Methylprednisolone_Acetate_injectable_suspension%2C_USP%29.jpg,https://upload.wikimedia.org/wikipedia/commons/thumb/9/91/DepoMedrol2_%28Methylprednisolone_Acetate_injectable_suspension%2C_USP%29.jpg/1280px-DepoMedrol2_%28Methylprednisolone_Acetate_injectable_suspension%2C_USP%29.jpg,CC BY-SA 3.0,"<a href=""//commons.wikimedia.org/w/index.php?title=User:EDNC&amp;action=edit&amp;redlink=1"" class=""new"" title=""User:EDNC (page does not exist)"">EDNC</a>",Real packaging/photo file from Wikimedia Commons; medication identity and Yemen registration require local verification.
160,Yemen / global medicines,Deutsche Pharmazentralnummer,,,,,images/4972082e09f6.jpg,https://commons.wikimedia.org/wiki/File%3ADeutsche_Pharmazentralnummer.jpg,https://upload.wikimedia.org/wikipedia/commons/f/f9/Deutsche_Pharmazentralnummer.jpg,Public domain,"No machine-readable author provided. <a href=""//commons.wikimedia.org/wiki/User:Echtner"" title=""User:Echtner"">Echtner</a> assumed (based on copyright claims).",Real packaging/photo file from Wikimedia Commons; medication identity and Yemen registration require local verification.
161,Yemen / global medicines,Deutsches Apothekenmuseum - Tubenfüllapparat,,,,,images/4ba4e1f9023a.jpg,https://commons.wikimedia.org/wiki/File%3ADeutsches_Apothekenmuseum_-_Tubenf%C3%BCllapparat.jpg,https://upload.wikimedia.org/wikipedia/commons/thumb/6/65/Deutsches_Apothekenmuseum_-_Tubenf%C3%BCllapparat.jpg/1280px-Deutsches_Apothekenmuseum_-_Tubenf%C3%BCllapparat.jpg,CC BY-SA 4.0,"<a href=""//commons.wikimedia.org/wiki/User:Zinnmann"" title=""User:Zinnmann"">Zinnmann</a>",Real packaging/photo file from Wikimedia Commons; medication identity and Yemen registration require local verification.
162,Yemen / global medicines,Dexamfetamine Sulphate,,,,,images/588e24c59b1e.jpg,https://commons.wikimedia.org/wiki/File%3ADexamfetamine_Sulphate.JPG,https://upload.wikimedia.org/wikipedia/commons/0/04/Dexamfetamine_Sulphate.JPG,CC BY-SA 3.0,"<a href=""//commons.wikimedia.org/w/index.php?title=User:Lycanthropuss&amp;action=edit&amp;redlink=1"" class=""new"" title=""User:Lycanthropuss (page does not exist)"">Lycanthropuss</a>",Real packaging/photo file from Wikimedia Commons; medication identity and Yemen registration require local verification.
163,Yemen / global medicines,Dextrose 50% (1),,,,,images/e81cd40580ee.jpg,https://commons.wikimedia.org/wiki/File%3ADextrose_50%25_%281%29.JPG,https://upload.wikimedia.org/wikipedia/commons/thumb/0/04/Dextrose_50%25_%281%29.JPG/1280px-Dextrose_50%25_%281%29.JPG,CC BY 3.0,"<a href=""//commons.wikimedia.org/wiki/User:Intropin"" title=""User:Intropin"">Intropin</a>",Real packaging/photo file from Wikimedia Commons; medication identity and Yemen registration require local verification.
164,Yemen / global medicines,Diclofenac Topical Gel,,,,,images/1695f2db4cc7.jpg,https://commons.wikimedia.org/wiki/File%3ADiclofenac_Topical_Gel.jpg,https://upload.wikimedia.org/wikipedia/commons/f/f3/Diclofenac_Topical_Gel.jpg,CC BY-SA 4.0,"<a href=""//commons.wikimedia.org/w/index.php?title=User:Group29&amp;action=edit&amp;redlink=1"" class=""new"" title=""User:Group29 (page does not exist)"">Group29</a>",Real packaging/photo file from Wikimedia Commons; medication identity and Yemen registration require local verification.
165,Yemen / global medicines,Diflorasone diacetate (Diflal),,,,,images/ccb80493fe92.jpg,https://commons.wikimedia.org/wiki/File%3ADiflorasone_diacetate_%28Diflal%29.jpg,https://upload.wikimedia.org/wikipedia/commons/thumb/3/35/Diflorasone_diacetate_%28Diflal%29.jpg/1280px-Diflorasone_diacetate_%28Diflal%29.jpg,CC BY-SA 4.0,own work,Real packaging/photo file from Wikimedia Commons; medication identity and Yemen registration require local verification.
166,Yemen / global medicines,Digibind,,,,,images/c46c661ab8fe.jpg,https://commons.wikimedia.org/wiki/File%3ADigibind.jpg,https://upload.wikimedia.org/wikipedia/commons/thumb/7/75/Digibind.jpg/1280px-Digibind.jpg,CC BY-SA 3.0,"<a href=""//commons.wikimedia.org/wiki/User:Jmh649"" class=""mw-redirect"" title=""User:Jmh649"">James Heilman, MD</a>",Real packaging/photo file from Wikimedia Commons; medication identity and Yemen registration require local verification.
167,Yemen / global medicines,Dihydrcodeine Tablets Package Almus 30 mg 2017,,,,,images/b9c682324cfb.jpg,https://commons.wikimedia.org/wiki/File%3ADihydrcodeine_Tablets_Package_Almus_30_mg_2017.jpg,https://upload.wikimedia.org/wikipedia/commons/thumb/4/4b/Dihydrcodeine_Tablets_Package_Almus_30_mg_2017.jpg/1280px-Dihydrcodeine_Tablets_Package_Almus_30_mg_2017.jpg,CC0,"<a href=""//commons.wikimedia.org/wiki/User:Stefan_Bellini"" title=""User:Stefan Bellini"">Stefan Bellini</a>",Real packaging/photo file from Wikimedia Commons; medication identity and Yemen registration require local verification.
168,Yemen / global medicines,Diklak,,,,,images/8bfa48c4faba.jpg,https://commons.wikimedia.org/wiki/File%3ADiklak.jpg,https://upload.wikimedia.org/wikipedia/commons/5/50/Diklak.jpg,CC BY-SA 4.0,"<a href=""//commons.wikimedia.org/w/index.php?title=User:Igorevichvanya&amp;action=edit&amp;redlink=1"" class=""new"" title=""User:Igorevichvanya (page does not exist)"">Igorevichvanya</a>",Real packaging/photo file from Wikimedia Commons; medication identity and Yemen registration require local verification.
169,Yemen / global medicines,Dimedrol solution,,,,,images/135c59e014dd.jpg,https://commons.wikimedia.org/wiki/File%3ADimedrol_solution.jpg,https://upload.wikimedia.org/wikipedia/commons/thumb/e/e8/Dimedrol_solution.jpg/1280px-Dimedrol_solution.jpg,Public domain,Paramonov,Real packaging/photo file from Wikimedia Commons; medication identity and Yemen registration require local verification.
170,Yemen / global medicines,Dimenhydrinate,,,,,images/71cb628610b9.jpg,https://commons.wikimedia.org/wiki/File%3ADimenhydrinate.jpg,https://upload.wikimedia.org/wikipedia/commons/thumb/d/db/Dimenhydrinate.jpg/1280px-Dimenhydrinate.jpg,CC0,Dennis sylvester Hurd,Real packaging/photo file from Wikimedia Commons; medication identity and Yemen registration require local verification.
171,Yemen / global medicines,Diprosalic ointment tube,,,,,images/ff2d6fba044f.jpg,https://commons.wikimedia.org/wiki/File%3ADiprosalic_ointment_tube.jpeg,https://upload.wikimedia.org/wikipedia/commons/thumb/6/64/Diprosalic_ointment_tube.jpeg/1280px-Diprosalic_ointment_tube.jpeg,CC BY-SA 4.0,"<a href=""//commons.wikimedia.org/wiki/User:Cnbrb"" title=""User:Cnbrb"">Cnbrb</a>",Real packaging/photo file from Wikimedia Commons; medication identity and Yemen registration require local verification.
172,Yemen / global medicines,Dithiaden,,,,,images/77240b2d41f8.jpg,https://commons.wikimedia.org/wiki/File%3ADithiaden.jpg,https://upload.wikimedia.org/wikipedia/commons/thumb/5/5b/Dithiaden.jpg/1280px-Dithiaden.jpg,CC BY 4.0,"<a href=""//commons.wikimedia.org/w/index.php?title=User:Mvejr&amp;action=edit&amp;redlink=1"" class=""new"" title=""User:Mvejr (page does not exist)"">Mvejr</a>",Real packaging/photo file from Wikimedia Commons; medication identity and Yemen registration require local verification.
173,Yemen / global medicines,Doksiciklin 100 091208,,,,,images/bac341885f92.jpg,https://commons.wikimedia.org/wiki/File%3ADoksiciklin_100_091208.jpg,https://upload.wikimedia.org/wikipedia/commons/5/57/Doksiciklin_100_091208.jpg,CC BY-SA 3.0,"<a href=""//commons.wikimedia.org/wiki/User:Roberta_F."" title=""User:Roberta F."">Roberta F.</a>",Real packaging/photo file from Wikimedia Commons; medication identity and Yemen registration require local verification.
174,Yemen / global medicines,Dolan,,,,,images/71a0df4d8c53.jpg,https://commons.wikimedia.org/wiki/File%3ADolan.jpg,https://upload.wikimedia.org/wikipedia/commons/thumb/a/af/Dolan.jpg/1280px-Dolan.jpg,CC BY-SA 3.0,"<a href=""//commons.wikimedia.org/wiki/User:ZngZng"" title=""User:ZngZng"">ZngZng</a>",Real packaging/photo file from Wikimedia Commons; medication identity and Yemen registration require local verification.
175,Yemen / global medicines,Dolmina,,,,,images/cbe682446293.jpg,https://commons.wikimedia.org/wiki/File%3ADolmina.jpg,https://upload.wikimedia.org/wikipedia/commons/thumb/3/3b/Dolmina.jpg/1280px-Dolmina.jpg,CC BY 4.0,"<a href=""//commons.wikimedia.org/w/index.php?title=User:Mvejr&amp;action=edit&amp;redlink=1"" class=""new"" title=""User:Mvejr (page does not exist)"">Mvejr</a>",Real packaging/photo file from Wikimedia Commons; medication identity and Yemen registration require local verification.
176,Yemen / global medicines,Doping warning,,,,,images/b21278e58799.jpg,https://commons.wikimedia.org/wiki/File%3ADoping_warning.svg,https://upload.wikimedia.org/wikipedia/commons/thumb/f/fa/Doping_warning.svg/1280px-Doping_warning.svg.png,Public domain,"<a href=""//commons.wikimedia.org/wiki/User:Carnby"" title=""User:Carnby"">Carnby</a>",Real packaging/photo file from Wikimedia Commons; medication identity and Yemen registration require local verification.
177,Yemen / global medicines,Doxapram,,,,,images/6b8674929faa.jpg,https://commons.wikimedia.org/wiki/File%3ADoxapram.JPG,https://upload.wikimedia.org/wikipedia/commons/thumb/9/9b/Doxapram.JPG/1280px-Doxapram.JPG,CC BY-SA 3.0,"<a href=""//commons.wikimedia.org/wiki/User:DiverDave"" title=""User:DiverDave"">DiverDave</a>",Real packaging/photo file from Wikimedia Commons; medication identity and Yemen registration require local verification.
178,Yemen / global medicines,Doxycycline,,,,,images/fce6bac18ac5.jpg,https://commons.wikimedia.org/wiki/File%3ADoxycycline.jpg,https://upload.wikimedia.org/wikipedia/commons/9/94/Doxycycline.jpg,Public domain,CDC,Real packaging/photo file from Wikimedia Commons; medication identity and Yemen registration require local verification.
179,Yemen / global medicines,Dristan Inhaler,,,,,images/a341a23ca4d1.jpg,https://commons.wikimedia.org/wiki/File%3ADristan_Inhaler.jpg,https://upload.wikimedia.org/wikipedia/commons/e/ee/Dristan_Inhaler.jpg,CC0,"<a href=""//commons.wikimedia.org/wiki/User:Irruptive_Creditor"" title=""User:Irruptive Creditor"">Irruptive Creditor</a>",Real packaging/photo file from Wikimedia Commons; medication identity and Yemen registration require local verification.
180,Yemen / global medicines,Drug label HA-page0001,,,,,images/f5dfec1ed5be.jpg,https://commons.wikimedia.org/wiki/File%3ADrug_label_HA-page0001.jpg,https://upload.wikimedia.org/wikipedia/commons/9/90/Drug_label_HA-page0001.jpg,CC BY-SA 4.0,"<a href=""//commons.wikimedia.org/w/index.php?title=User:CAES9720&amp;action=edit&amp;redlink=1"" class=""new"" title=""User:CAES9720 (page does not exist)"">CAES9720</a>",Real packaging/photo file from Wikimedia Commons; medication identity and Yemen registration require local verification.
181,Yemen / global medicines,DRUG LABEL-page-002,,,,,images/f1c1a04100f9.jpg,https://commons.wikimedia.org/wiki/File%3ADRUG_LABEL-page-002.jpg,https://upload.wikimedia.org/wikipedia/commons/e/e1/DRUG_LABEL-page-002.jpg,CC BY-SA 4.0,"<a href=""//commons.wikimedia.org/w/index.php?title=User:CAES9720&amp;action=edit&amp;redlink=1"" class=""new"" title=""User:CAES9720 (page does not exist)"">CAES9720</a>",Real packaging/photo file from Wikimedia Commons; medication identity and Yemen registration require local verification.
182,Yemen / global medicines,Drug vial (8398232965),,,,,images/ce16de8d90a3.jpg,https://commons.wikimedia.org/wiki/File%3ADrug_vial_%288398232965%29.jpg,https://upload.wikimedia.org/wikipedia/commons/thumb/3/31/Drug_vial_%288398232965%29.jpg/1280px-Drug_vial_%288398232965%29.jpg,CC BY-SA 2.0,"<a rel=""nofollow"" class=""external text"" href=""https://www.flickr.com/people/45034206@N06"">Lee Haywood</a> from Wollaton, Nottingham, England",Real packaging/photo file from Wikimedia Commons; medication identity and Yemen registration require local verification.
183,Yemen / global medicines,Drug vials (8398232701),,,,,images/ffdf522904f6.jpg,https://commons.wikimedia.org/wiki/File%3ADrug_vials_%288398232701%29.jpg,https://upload.wikimedia.org/wikipedia/commons/thumb/e/e4/Drug_vials_%288398232701%29.jpg/1280px-Drug_vials_%288398232701%29.jpg,CC BY-SA 2.0,"<a rel=""nofollow"" class=""external text"" href=""https://www.flickr.com/people/45034206@N06"">Lee Haywood</a> from Wollaton, Nottingham, England",Real packaging/photo file from Wikimedia Commons; medication identity and Yemen registration require local verification.
184,Yemen / global medicines,Drug vials (8398232857),,,,,images/62dfddab111f.jpg,https://commons.wikimedia.org/wiki/File%3ADrug_vials_%288398232857%29.jpg,https://upload.wikimedia.org/wikipedia/commons/thumb/9/9d/Drug_vials_%288398232857%29.jpg/1280px-Drug_vials_%288398232857%29.jpg,CC BY-SA 2.0,"<a rel=""nofollow"" class=""external text"" href=""https://www.flickr.com/people/45034206@N06"">Lee Haywood</a> from Wollaton, Nottingham, England",Real packaging/photo file from Wikimedia Commons; medication identity and Yemen registration require local verification.
185,Yemen / global medicines,Drug-label-HA,,,,,images/b4690cfb5167.jpg,https://commons.wikimedia.org/wiki/File%3ADrug-label-HA.jpg,https://upload.wikimedia.org/wikipedia/commons/thumb/2/24/Drug-label-HA.jpg/1280px-Drug-label-HA.jpg,CC BY-SA 4.0,"<a href=""//commons.wikimedia.org/w/index.php?title=User:CAES9720&amp;action=edit&amp;redlink=1"" class=""new"" title=""User:CAES9720 (page does not exist)"">CAES9720</a>",Real packaging/photo file from Wikimedia Commons; medication identity and Yemen registration require local verification.
186,Yemen / global medicines,Drug1-page0001 (2),,,,,images/99863ce94f63.jpg,https://commons.wikimedia.org/wiki/File%3ADrug1-page0001_%282%29.jpg,https://upload.wikimedia.org/wikipedia/commons/thumb/9/97/Drug1-page0001_%282%29.jpg/1280px-Drug1-page0001_%282%29.jpg,CC BY-SA 4.0,"<a href=""//commons.wikimedia.org/w/index.php?title=User:CAES9720&amp;action=edit&amp;redlink=1"" class=""new"" title=""User:CAES9720 (page does not exist)"">CAES9720</a>",Real packaging/photo file from Wikimedia Commons; medication identity and Yemen registration require local verification.
187,Yemen / global medicines,Drugs 1601,,,,,images/f6c3909a8490.jpg,https://commons.wikimedia.org/wiki/File%3ADrugs_1601.jpg,https://upload.wikimedia.org/wikipedia/commons/thumb/e/e3/Drugs_1601.jpg/1280px-Drugs_1601.jpg,CC BY-SA 3.0,"<a href=""//commons.wikimedia.org/wiki/User:Penarc"" title=""User:Penarc"">Penarc</a>",Real packaging/photo file from Wikimedia Commons; medication identity and Yemen registration require local verification.
188,Yemen / global medicines,Dukoral package bicarb buffer,,,,,images/39fd31611d7b.jpg,https://commons.wikimedia.org/wiki/File%3ADukoral_package_bicarb_buffer.jpg,https://upload.wikimedia.org/wikipedia/commons/thumb/f/fe/Dukoral_package_bicarb_buffer.jpg/1280px-Dukoral_package_bicarb_buffer.jpg,CC BY-SA 4.0,"<a href=""//commons.wikimedia.org/wiki/User:Dvermeirre"" title=""User:Dvermeirre"">Dvermeirre</a>",Real packaging/photo file from Wikimedia Commons; medication identity and Yemen registration require local verification.
189,Yemen / global medicines,Dukoral package inside,,,,,images/73e66dff4007.jpg,https://commons.wikimedia.org/wiki/File%3ADukoral_package_inside.jpg,https://upload.wikimedia.org/wikipedia/commons/thumb/6/69/Dukoral_package_inside.jpg/1280px-Dukoral_package_inside.jpg,CC BY-SA 4.0,"<a href=""//commons.wikimedia.org/wiki/User:Dvermeirre"" title=""User:Dvermeirre"">Dvermeirre</a>",Real packaging/photo file from Wikimedia Commons; medication identity and Yemen registration require local verification.
190,Yemen / global medicines,Dukoral package vaccine vial,,,,,images/507e6276844d.jpg,https://commons.wikimedia.org/wiki/File%3ADukoral_package_vaccine_vial.jpg,https://upload.wikimedia.org/wikipedia/commons/thumb/8/80/Dukoral_package_vaccine_vial.jpg/1280px-Dukoral_package_vaccine_vial.jpg,CC BY-SA 4.0,"<a href=""//commons.wikimedia.org/wiki/User:Dvermeirre"" title=""User:Dvermeirre"">Dvermeirre</a>",Real packaging/photo file from Wikimedia Commons; medication identity and Yemen registration require local verification.
191,Yemen / global medicines,Dukoral package,,,,,images/57611e8838bc.jpg,https://commons.wikimedia.org/wiki/File%3ADukoral_package.jpg,https://upload.wikimedia.org/wikipedia/commons/thumb/e/e3/Dukoral_package.jpg/1280px-Dukoral_package.jpg,CC BY-SA 4.0,"<a href=""//commons.wikimedia.org/wiki/User:Dvermeirre"" title=""User:Dvermeirre"">Dvermeirre</a>",Real packaging/photo file from Wikimedia Commons; medication identity and Yemen registration require local verification.
192,Yemen / global medicines,Dukoral vial bicarb,,,,,images/646ab8bee030.jpg,https://commons.wikimedia.org/wiki/File%3ADukoral_vial_bicarb.jpg,https://upload.wikimedia.org/wikipedia/commons/thumb/8/86/Dukoral_vial_bicarb.jpg/1280px-Dukoral_vial_bicarb.jpg,CC BY-SA 4.0,"<a href=""//commons.wikimedia.org/wiki/User:Dvermeirre"" title=""User:Dvermeirre"">Dvermeirre</a>",Real packaging/photo file from Wikimedia Commons; medication identity and Yemen registration require local verification.
193,Yemen / global medicines,"Duodart 0,5-0,4 mg cps",,,,,images/6d06d33d6d16.jpg,https://commons.wikimedia.org/wiki/File%3ADuodart_0%2C5-0%2C4_mg_cps.jpg,https://upload.wikimedia.org/wikipedia/commons/thumb/8/81/Duodart_0%2C5-0%2C4_mg_cps.jpg/1280px-Duodart_0%2C5-0%2C4_mg_cps.jpg,CC BY-SA 4.0,"<a href=""//commons.wikimedia.org/w/index.php?title=User:Tomino_de_WS&amp;action=edit&amp;redlink=1"" class=""new"" title=""User:Tomino de WS (page does not exist)"">Tomino de WS</a>",Real packaging/photo file from Wikimedia Commons; medication identity and Yemen registration require local verification.
194,Yemen / global medicines,Duphalac 200 ml,,,,,images/23715f41a93e.jpg,https://commons.wikimedia.org/wiki/File%3ADuphalac_200_ml.jpg,https://upload.wikimedia.org/wikipedia/commons/thumb/f/f4/Duphalac_200_ml.jpg/1280px-Duphalac_200_ml.jpg,CC BY-SA 4.0,Pavel Dušek,Real packaging/photo file from Wikimedia Commons; medication identity and Yemen registration require local verification.
195,Yemen / global medicines,Dupixent Pen and Packaging,,,,,images/897ebf3a3a4c.jpg,https://commons.wikimedia.org/wiki/File%3ADupixent_Pen_and_Packaging.jpg,https://upload.wikimedia.org/wikipedia/commons/thumb/0/02/Dupixent_Pen_and_Packaging.jpg/1280px-Dupixent_Pen_and_Packaging.jpg,CC BY-SA 4.0,"<a href=""//commons.wikimedia.org/w/index.php?title=User:Lyall0&amp;action=edit&amp;redlink=1"" class=""new"" title=""User:Lyall0 (page does not exist)"">Lyall0</a>",Real packaging/photo file from Wikimedia Commons; medication identity and Yemen registration require local verification.
196,Yemen / global medicines,"Early ""Clap"" Medicinal Formulation, Possibly Containing Hysoscyamine, Possibly From the New Orleans Pharmacy Museum",,,,,images/206ca625b1b7.jpg,https://commons.wikimedia.org/wiki/File%3AEarly_%22Clap%22_Medicinal_Formulation%2C_Possibly_Containing_Hysoscyamine%2C_Possibly_From_the_New_Orleans_Pharmacy_Museum.jpg,https://upload.wikimedia.org/wikipedia/commons/thumb/f/f4/Early_%22Clap%22_Medicinal_Formulation%2C_Possibly_Containing_Hysoscyamine%2C_Possibly_From_the_New_Orleans_Pharmacy_Museum.jpg/1280px-Early_%22Clap%22_Medicinal_Formulation%2C_Possibly_Containing_Hysoscyamine%2C_Possibly_From_the_New_Orleans_Pharmacy_Museum.jpg,CC BY-SA 4.0,"<a href=""//commons.wikimedia.org/w/index.php?title=User:Once_a_professor&amp;action=edit&amp;redlink=1"" class=""new"" title=""User:Once a professor (page does not exist)"">Once a professor</a>",Real packaging/photo file from Wikimedia Commons; medication identity and Yemen registration require local verification.
197,Yemen / global medicines,Early-1960s-obocell-bottle 1 86ad73c9be54e88998bc7520ca7e42e6,,,,,images/b1b7cd8e0de8.jpg,https://commons.wikimedia.org/wiki/File%3AEarly-1960s-obocell-bottle_1_86ad73c9be54e88998bc7520ca7e42e6.jpg,https://upload.wikimedia.org/wikipedia/commons/d/de/Early-1960s-obocell-bottle_1_86ad73c9be54e88998bc7520ca7e42e6.jpg,CC BY-SA 4.0,"<a href=""//commons.wikimedia.org/w/index.php?title=User:Wainblatrobert&amp;action=edit&amp;redlink=1"" class=""new"" title=""User:Wainblatrobert (page does not exist)"">Wainblatrobert</a>",Real packaging/photo file from Wikimedia Commons; medication identity and Yemen registration require local verification.
198,Yemen / global medicines,Ebglyss,,,,,images/3ab19656c43b.jpg,https://commons.wikimedia.org/wiki/File%3AEbglyss.jpg,https://upload.wikimedia.org/wikipedia/commons/thumb/b/b6/Ebglyss.jpg/1280px-Ebglyss.jpg,CC0,"<a href=""//commons.wikimedia.org/wiki/User:Hanabishi"" title=""User:Hanabishi"">Hanabishi</a>",Real packaging/photo file from Wikimedia Commons; medication identity and Yemen registration require local verification.
199,Yemen / global medicines,Ebivol,,,,,images/977569e898c5.jpg,https://commons.wikimedia.org/wiki/File%3AEbivol.jpg,https://upload.wikimedia.org/wikipedia/commons/thumb/a/a2/Ebivol.jpg/1280px-Ebivol.jpg,CC0,Anton0987654321,Real packaging/photo file from Wikimedia Commons; medication identity and Yemen registration require local verification.
200,Yemen / global medicines,Ebrantil 60 mg cps,,,,,images/5caf62842012.jpg,https://commons.wikimedia.org/wiki/File%3AEbrantil_60_mg_cps.jpg,https://upload.wikimedia.org/wikipedia/commons/thumb/1/16/Ebrantil_60_mg_cps.jpg/1280px-Ebrantil_60_mg_cps.jpg,CC BY-SA 4.0,"<a href=""//commons.wikimedia.org/w/index.php?title=User:Tomino_de_WS&amp;action=edit&amp;redlink=1"" class=""new"" title=""User:Tomino de WS (page does not exist)"">Tomino de WS</a>",Real packaging/photo file from Wikimedia Commons; medication identity and Yemen registration require local verification.
201,Yemen / global medicines,Egilok-25,,,,,images/dd63ee48b5d7.jpg,https://commons.wikimedia.org/wiki/File%3AEgilok-25.jpg,https://upload.wikimedia.org/wikipedia/commons/thumb/5/59/Egilok-25.jpg/1280px-Egilok-25.jpg,CC BY-SA 4.0,"<a href=""//commons.wikimedia.org/wiki/User:Wesalius"" title=""User:Wesalius"">Wesalius</a>",Real packaging/photo file from Wikimedia Commons; medication identity and Yemen registration require local verification.
202,Yemen / global medicines,Elestat-03,,,,,images/26b9a5e03db1.jpg,https://commons.wikimedia.org/wiki/File%3AElestat-03.jpg,https://upload.wikimedia.org/wikipedia/commons/7/7f/Elestat-03.jpg,Public domain,FDA,Real packaging/photo file from Wikimedia Commons; medication identity and Yemen registration require local verification.
203,Yemen / global medicines,Eliava Institut Prep,,,,,images/ba2be93c591d.jpg,https://commons.wikimedia.org/wiki/File%3AEliava_Institut_Prep.jpg,https://upload.wikimedia.org/wikipedia/commons/thumb/0/0e/Eliava_Institut_Prep.jpg/1280px-Eliava_Institut_Prep.jpg,CC BY-SA 4.0,"<a href=""//commons.wikimedia.org/w/index.php?title=User:Ejw0851&amp;action=edit&amp;redlink=1"" class=""new"" title=""User:Ejw0851 (page does not exist)"">Ejw0851</a>",Real packaging/photo file from Wikimedia Commons; medication identity and Yemen registration require local verification.
204,Yemen / global medicines,Embalagens de medicamentos,,,,,images/aef2610c9504.jpg,https://commons.wikimedia.org/wiki/File%3AEmbalagens_de_medicamentos.jpg,https://upload.wikimedia.org/wikipedia/commons/thumb/f/f1/Embalagens_de_medicamentos.jpg/1280px-Embalagens_de_medicamentos.jpg,CC BY-SA 4.0,"<a href=""//commons.wikimedia.org/w/index.php?title=User:Vitorsgoncalves&amp;action=edit&amp;redlink=1"" class=""new"" title=""User:Vitorsgoncalves (page does not exist)"">Vitor da Silva Gonçalves</a>",Real packaging/photo file from Wikimedia Commons; medication identity and Yemen registration require local verification.
205,Yemen / global medicines,Embalaje monodosis de medicamentos,,,,,images/decd20a36f67.jpg,https://commons.wikimedia.org/wiki/File%3AEmbalaje_monodosis_de_medicamentos.jpg,https://upload.wikimedia.org/wikipedia/commons/0/08/Embalaje_monodosis_de_medicamentos.jpg,CC0,uso racional,Real packaging/photo file from Wikimedia Commons; medication identity and Yemen registration require local verification.
206,Yemen / global medicines,Emetrol For Nausea (4225474315),,,,,images/01da8186a4c4.jpg,https://commons.wikimedia.org/wiki/File%3AEmetrol_For_Nausea_%284225474315%29.jpg,https://upload.wikimedia.org/wikipedia/commons/0/07/Emetrol_For_Nausea_%284225474315%29.jpg,CC BY 2.0,"<a rel=""nofollow"" class=""external text"" href=""https://www.flickr.com/people/44336569@N04"">Wellspring Pharmaceutical</a>",Real packaging/photo file from Wikimedia Commons; medication identity and Yemen registration require local verification.
207,Yemen / global medicines,Emgality,,,,,images/491e5afe8f82.jpg,https://commons.wikimedia.org/wiki/File%3AEmgality.jpg,https://upload.wikimedia.org/wikipedia/commons/thumb/3/3e/Emgality.jpg/1280px-Emgality.jpg,CC BY-SA 4.0,"<a href=""//commons.wikimedia.org/w/index.php?title=User:Kaiysea&amp;action=edit&amp;redlink=1"" class=""new"" title=""User:Kaiysea (page does not exist)"">Kaiysea</a>",Real packaging/photo file from Wikimedia Commons; medication identity and Yemen registration require local verification.
208,Yemen / global medicines,Enrique001,,,,,images/56e50df7579c.jpg,https://commons.wikimedia.org/wiki/File%3AEnrique001.jpg,https://upload.wikimedia.org/wikipedia/commons/7/74/Enrique001.jpg,CC BY-SA 4.0,"<a href=""//commons.wikimedia.org/w/index.php?title=User:Jenriquecf&amp;action=edit&amp;redlink=1"" class=""new"" title=""User:Jenriquecf (page does not exist)"">Jenriquecf</a>",Real packaging/photo file from Wikimedia Commons; medication identity and Yemen registration require local verification.
209,Yemen / global medicines,Enterodez,,,,,images/1e51d3260c64.jpg,https://commons.wikimedia.org/wiki/File%3AEnterodez.jpg,https://upload.wikimedia.org/wikipedia/commons/a/a9/Enterodez.jpg,CC BY-SA 3.0,"<a href=""//commons.wikimedia.org/w/index.php?title=User:Lokispb&amp;action=edit&amp;redlink=1"" class=""new"" title=""User:Lokispb (page does not exist)"">Lokispb</a>",Real packaging/photo file from Wikimedia Commons; medication identity and Yemen registration require local verification.
210,Yemen / global medicines,Epivir RU,,,,,images/d2fea1439dd5.jpg,https://commons.wikimedia.org/wiki/File%3AEpivir_RU.jpg,https://upload.wikimedia.org/wikipedia/commons/thumb/9/94/Epivir_RU.jpg/1280px-Epivir_RU.jpg,CC BY-SA 3.0,"<a href=""//commons.wikimedia.org/wiki/User:Pinkchild"" title=""User:Pinkchild"">Pinkchild</a>",Real packaging/photo file from Wikimedia Commons; medication identity and Yemen registration require local verification.
211,Yemen / global medicines,Ezicas F,,,,,images/0e1f38bd1dfc.jpg,https://commons.wikimedia.org/wiki/File%3AEzicas_F.JPG,https://upload.wikimedia.org/wikipedia/commons/thumb/a/a0/Ezicas_F.JPG/1280px-Ezicas_F.JPG,CC BY-SA 3.0,"<a href=""//commons.wikimedia.org/w/index.php?title=User:ASH_SUPER&amp;action=edit&amp;redlink=1"" class=""new"" title=""User:ASH SUPER (page does not exist)"">ASH SUPER</a>",Real packaging/photo file from Wikimedia Commons; medication identity and Yemen registration require local verification.
212,Yemen / global medicines,Ezicas,,,,,images/1d0d53c69d8e.jpg,https://commons.wikimedia.org/wiki/File%3AEzicas.JPG,https://upload.wikimedia.org/wikipedia/commons/thumb/c/c7/Ezicas.JPG/1280px-Ezicas.JPG,CC BY-SA 3.0,"<a href=""//commons.wikimedia.org/w/index.php?title=User:ASH_SUPER&amp;action=edit&amp;redlink=1"" class=""new"" title=""User:ASH SUPER (page does not exist)"">ASH SUPER</a>",Real packaging/photo file from Wikimedia Commons; medication identity and Yemen registration require local verification.
213,Yemen / global medicines,Eziwin,,,,,images/ad9e50bfb5ad.jpg,https://commons.wikimedia.org/wiki/File%3AEziwin.JPG,https://upload.wikimedia.org/wikipedia/commons/thumb/6/60/Eziwin.JPG/1280px-Eziwin.JPG,CC BY-SA 3.0,"<a href=""//commons.wikimedia.org/w/index.php?title=User:ASH_SUPER&amp;action=edit&amp;redlink=1"" class=""new"" title=""User:ASH SUPER (page does not exist)"">ASH SUPER</a>",Real packaging/photo file from Wikimedia Commons; medication identity and Yemen registration require local verification.
214,Yemen / global medicines,Famotidine 20mg generic,,,,,images/97064ff2baea.jpg,https://commons.wikimedia.org/wiki/File%3AFamotidine_20mg_generic.jpg,https://upload.wikimedia.org/wikipedia/commons/thumb/5/57/Famotidine_20mg_generic.jpg/1280px-Famotidine_20mg_generic.jpg,CC0,"<a href=""//commons.wikimedia.org/wiki/User:%E7%84%A1%E8%81%8A%E9%BE%8D"" title=""User:無聊龍"">無聊龍</a>",Real packaging/photo file from Wikimedia Commons; medication identity and Yemen registration require local verification.
215,Yemen / global medicines,Farmaco senza obbligo di ricetta (Italia),,,,,images/c7b0316f4738.jpg,https://commons.wikimedia.org/wiki/File%3AFarmaco_senza_obbligo_di_ricetta_%28Italia%29.svg,https://upload.wikimedia.org/wikipedia/commons/thumb/5/5e/Farmaco_senza_obbligo_di_ricetta_%28Italia%29.svg/1280px-Farmaco_senza_obbligo_di_ricetta_%28Italia%29.svg.png,CC BY-SA 4.0,"<a href=""//commons.wikimedia.org/wiki/User:Carnby"" title=""User:Carnby"">Carnby</a>",Real packaging/photo file from Wikimedia Commons; medication identity and Yemen registration require local verification.
216,Yemen / global medicines,Fentanyl Patch from Israel,,,,,images/67eb57a5cbe1.jpg,https://commons.wikimedia.org/wiki/File%3AFentanyl_Patch_from_Israel.jpg,https://upload.wikimedia.org/wikipedia/commons/thumb/5/59/Fentanyl_Patch_from_Israel.jpg/1280px-Fentanyl_Patch_from_Israel.jpg,CC BY-SA 4.0,"<a href=""//commons.wikimedia.org/w/index.php?title=User:DanielTahar&amp;action=edit&amp;redlink=1"" class=""new"" title=""User:DanielTahar (page does not exist)"">DanielTahar</a>",Real packaging/photo file from Wikimedia Commons; medication identity and Yemen registration require local verification.
217,Yemen / global medicines,Fentanyl patch packages,,,,,images/bb0522ef2f8f.jpg,https://commons.wikimedia.org/wiki/File%3AFentanyl_patch_packages.jpg,https://upload.wikimedia.org/wikipedia/commons/thumb/4/4b/Fentanyl_patch_packages.jpg/1280px-Fentanyl_patch_packages.jpg,Public domain,"<a href=""//commons.wikimedia.org/wiki/User:Alcibiades"" title=""User:Alcibiades"">Alcibiades</a>",Real packaging/photo file from Wikimedia Commons; medication identity and Yemen registration require local verification.
218,Yemen / global medicines,Ferezol,,,,,images/0d007a5301dc.jpg,https://commons.wikimedia.org/wiki/File%3AFerezol.jpg,https://upload.wikimedia.org/wikipedia/commons/thumb/8/88/Ferezol.jpg/1280px-Ferezol.jpg,CC BY-SA 3.0,"<a href=""//commons.wikimedia.org/w/index.php?title=User:Nikolay_Kripak&amp;action=edit&amp;redlink=1"" class=""new"" title=""User:Nikolay Kripak (page does not exist)"">Nikolay Kripak</a>",Real packaging/photo file from Wikimedia Commons; medication identity and Yemen registration require local verification.
219,Yemen / global medicines,Fertigarzneimittel DE,,,,,images/c1012e999e28.jpg,https://commons.wikimedia.org/wiki/File%3AFertigarzneimittel_DE.jpg,https://upload.wikimedia.org/wikipedia/commons/thumb/9/97/Fertigarzneimittel_DE.jpg/1280px-Fertigarzneimittel_DE.jpg,CC BY-SA 4.0,"<a href=""//commons.wikimedia.org/w/index.php?title=User:Benff&amp;action=edit&amp;redlink=1"" class=""new"" title=""User:Benff (page does not exist)"">Benff</a>",Real packaging/photo file from Wikimedia Commons; medication identity and Yemen registration require local verification.
220,Yemen / global medicines,Finasterid Orion,,,,,images/4b5534e94f56.jpg,https://commons.wikimedia.org/wiki/File%3AFinasterid_Orion.JPG,https://upload.wikimedia.org/wikipedia/commons/thumb/4/4e/Finasterid_Orion.JPG/1280px-Finasterid_Orion.JPG,CC BY-SA 3.0,"<a href=""//commons.wikimedia.org/wiki/User:ZngZng"" title=""User:ZngZng"">ZngZng</a>",Real packaging/photo file from Wikimedia Commons; medication identity and Yemen registration require local verification.
221,Yemen / global medicines,FLAXYNE LP 75 mg (Arabic side),,,,,images/9139e2bf0d0d.jpg,https://commons.wikimedia.org/wiki/File%3AFLAXYNE_LP_75_mg_%28Arabic_side%29.jpg,https://upload.wikimedia.org/wikipedia/commons/thumb/2/21/FLAXYNE_LP_75_mg_%28Arabic_side%29.jpg/1280px-FLAXYNE_LP_75_mg_%28Arabic_side%29.jpg,CC BY-SA 4.0,"<a href=""//commons.wikimedia.org/w/index.php?title=User:SilverBullet_X&amp;action=edit&amp;redlink=1"" class=""new"" title=""User:SilverBullet X (page does not exist)"">SilverBullet X</a>",Real packaging/photo file from Wikimedia Commons; medication identity and Yemen registration require local verification.
222,Yemen / global medicines,FLAXYNE LP 75 mg,,,,,images/6a4cdc641697.jpg,https://commons.wikimedia.org/wiki/File%3AFLAXYNE_LP_75_mg.jpg,https://upload.wikimedia.org/wikipedia/commons/thumb/f/fd/FLAXYNE_LP_75_mg.jpg/1280px-FLAXYNE_LP_75_mg.jpg,CC BY-SA 4.0,"<a href=""//commons.wikimedia.org/w/index.php?title=User:SilverBullet_X&amp;action=edit&amp;redlink=1"" class=""new"" title=""User:SilverBullet X (page does not exist)"">SilverBullet X</a>",Real packaging/photo file from Wikimedia Commons; medication identity and Yemen registration require local verification.
223,Yemen / global medicines,Flessen Medicijnen,,,,,images/faacca674053.jpg,https://commons.wikimedia.org/wiki/File%3AFlessen_Medicijnen.JPG,https://upload.wikimedia.org/wikipedia/commons/thumb/c/c6/Flessen_Medicijnen.JPG/1280px-Flessen_Medicijnen.JPG,CC BY-SA 3.0,"<a href=""//commons.wikimedia.org/wiki/User:Onderwijsgek"" title=""User:Onderwijsgek"">Onderwijsgek</a>",Real packaging/photo file from Wikimedia Commons; medication identity and Yemen registration require local verification.
224,Yemen / global medicines,Flessen Potjes Medicijnen,,,,,images/14ca32d001dd.jpg,https://commons.wikimedia.org/wiki/File%3AFlessen_Potjes_Medicijnen.JPG,https://upload.wikimedia.org/wikipedia/commons/thumb/0/0d/Flessen_Potjes_Medicijnen.JPG/1280px-Flessen_Potjes_Medicijnen.JPG,CC BY-SA 3.0,"<a href=""//commons.wikimedia.org/wiki/User:Onderwijsgek"" title=""User:Onderwijsgek"">Onderwijsgek</a>",Real packaging/photo file from Wikimedia Commons; medication identity and Yemen registration require local verification.
225,Yemen / global medicines,Flessen,,,,,images/19a158587767.jpg,https://commons.wikimedia.org/wiki/File%3AFlessen.jpg,https://upload.wikimedia.org/wikipedia/commons/thumb/a/a1/Flessen.jpg/1280px-Flessen.jpg,CC BY-SA 3.0,"<a href=""//commons.wikimedia.org/wiki/User:Onderwijsgek"" title=""User:Onderwijsgek"">Onderwijsgek</a>",Real packaging/photo file from Wikimedia Commons; medication identity and Yemen registration require local verification.
226,Yemen / global medicines,Flickr - Israel Defense Forces - Expired Medicine Unloaded Off Gaza Flotillas (1),,,,,images/cd8352723bd0.jpg,https://commons.wikimedia.org/wiki/File%3AFlickr_-_Israel_Defense_Forces_-_Expired_Medicine_Unloaded_Off_Gaza_Flotillas_%281%29.jpg,https://upload.wikimedia.org/wikipedia/commons/thumb/c/c3/Flickr_-_Israel_Defense_Forces_-_Expired_Medicine_Unloaded_Off_Gaza_Flotillas_%281%29.jpg/1280px-Flickr_-_Israel_Defense_Forces_-_Expired_Medicine_Unloaded_Off_Gaza_Flotillas_%281%29.jpg,CC BY 2.0,"<a rel=""nofollow"" class=""external text"" href=""https://www.flickr.com/people/45644610@N03"">Israel Defense Forces</a>",Real packaging/photo file from Wikimedia Commons; medication identity and Yemen registration require local verification.
227,Yemen / global medicines,Flickr - Israel Defense Forces - Expired Medicine Unloaded Off Gaza Flotillas (2),,,,,images/5bd316fe5923.jpg,https://commons.wikimedia.org/wiki/File%3AFlickr_-_Israel_Defense_Forces_-_Expired_Medicine_Unloaded_Off_Gaza_Flotillas_%282%29.jpg,https://upload.wikimedia.org/wikipedia/commons/thumb/c/c7/Flickr_-_Israel_Defense_Forces_-_Expired_Medicine_Unloaded_Off_Gaza_Flotillas_%282%29.jpg/1280px-Flickr_-_Israel_Defense_Forces_-_Expired_Medicine_Unloaded_Off_Gaza_Flotillas_%282%29.jpg,CC BY 2.0,"<a rel=""nofollow"" class=""external text"" href=""https://www.flickr.com/people/45644610@N03"">Israel Defense Forces</a>",Real packaging/photo file from Wikimedia Commons; medication identity and Yemen registration require local verification.
228,Yemen / global medicines,Flickr - Israel Defense Forces - Expired Medicine Unloaded Off Gaza Flotillas (4),,,,,images/ca85e93d6247.jpg,https://commons.wikimedia.org/wiki/File%3AFlickr_-_Israel_Defense_Forces_-_Expired_Medicine_Unloaded_Off_Gaza_Flotillas_%284%29.jpg,https://upload.wikimedia.org/wikipedia/commons/thumb/f/f7/Flickr_-_Israel_Defense_Forces_-_Expired_Medicine_Unloaded_Off_Gaza_Flotillas_%284%29.jpg/1280px-Flickr_-_Israel_Defense_Forces_-_Expired_Medicine_Unloaded_Off_Gaza_Flotillas_%284%29.jpg,CC BY 2.0,"<a rel=""nofollow"" class=""external text"" href=""https://www.flickr.com/people/45644610@N03"">Israel Defense Forces</a>",Real packaging/photo file from Wikimedia Commons; medication identity and Yemen registration require local verification.
229,Yemen / global medicines,Flucloxacillin package,,,,,images/252d56508bd1.jpg,https://commons.wikimedia.org/wiki/File%3AFlucloxacillin_package.jpg,https://upload.wikimedia.org/wikipedia/commons/thumb/1/1e/Flucloxacillin_package.jpg/1280px-Flucloxacillin_package.jpg,CC BY-SA 4.0,"<a href=""//commons.wikimedia.org/w/index.php?title=User:Vedder333&amp;action=edit&amp;redlink=1"" class=""new"" title=""User:Vedder333 (page does not exist)"">Vedder333</a>",Real packaging/photo file from Wikimedia Commons; medication identity and Yemen registration require local verification.
230,Yemen / global medicines,Flucloxacillin preparations,,,,,images/d489c0ec700c.jpg,https://commons.wikimedia.org/wiki/File%3AFlucloxacillin_preparations.jpg,https://upload.wikimedia.org/wikipedia/commons/thumb/0/0d/Flucloxacillin_preparations.jpg/1280px-Flucloxacillin_preparations.jpg,CC BY-SA 4.0,"<a href=""//commons.wikimedia.org/wiki/User:Whispyhistory"" title=""User:Whispyhistory"">Whispyhistory</a>",Real packaging/photo file from Wikimedia Commons; medication identity and Yemen registration require local verification.
231,Yemen / global medicines,FLUIMUCIL Zambon,,,,,images/fc987b70ab15.jpg,https://commons.wikimedia.org/wiki/File%3AFLUIMUCIL_Zambon.jpg,https://upload.wikimedia.org/wikipedia/commons/thumb/4/43/FLUIMUCIL_Zambon.jpg/1280px-FLUIMUCIL_Zambon.jpg,CC0,"<a href=""//commons.wikimedia.org/wiki/User:Syd_Storm"" title=""User:Syd Storm"">Syd Storm</a>",Real packaging/photo file from Wikimedia Commons; medication identity and Yemen registration require local verification.
232,Yemen / global medicines,Fluothane packaging 01,,,,,images/4ceb0da13bf0.jpg,https://commons.wikimedia.org/wiki/File%3AFluothane_packaging_01.jpg,https://upload.wikimedia.org/wikipedia/commons/thumb/b/b5/Fluothane_packaging_01.jpg/1280px-Fluothane_packaging_01.jpg,CC BY-SA 4.0,"<a href=""//commons.wikimedia.org/w/index.php?title=User:The_chemistds&amp;action=edit&amp;redlink=1"" class=""new"" title=""User:The chemistds (page does not exist)"">The chemistds</a>",Real packaging/photo file from Wikimedia Commons; medication identity and Yemen registration require local verification.
233,Yemen / global medicines,Fluoxetine Lannacher 20 mg,,,,,images/4d2e2dc4df1f.jpg,https://commons.wikimedia.org/wiki/File%3AFluoxetine_Lannacher_20_mg.JPG,https://upload.wikimedia.org/wikipedia/commons/thumb/4/4f/Fluoxetine_Lannacher_20_mg.JPG/1280px-Fluoxetine_Lannacher_20_mg.JPG,CC BY-SA 4.0,"<a href=""//commons.wikimedia.org/wiki/User:Vaccinationist"" title=""User:Vaccinationist"">Vaccinationist</a>",Real packaging/photo file from Wikimedia Commons; medication identity and Yemen registration require local verification.
234,Yemen / global medicines,Fluticasone cream,,,,,images/4b92a9a058f3.jpg,https://commons.wikimedia.org/wiki/File%3AFluticasone_cream.jpg,https://upload.wikimedia.org/wikipedia/commons/5/58/Fluticasone_cream.jpg,CC BY-SA 3.0,"<a href=""https://en.wikipedia.org/wiki/User:Kristoferb"" class=""extiw"" title=""en:User:Kristoferb"">Kristoferb</a> (<a href=""https://en.wikipedia.org/wiki/User_talk:Kristoferb"" class=""extiw"" title=""en:User talk:Kristoferb"">talk</a>)",Real packaging/photo file from Wikimedia Commons; medication identity and Yemen registration require local verification.
235,Yemen / global medicines,Forlax 4g Macrogol 4000-ar,,,,,images/d076afa01dc8.jpg,https://commons.wikimedia.org/wiki/File%3AForlax_4g_Macrogol_4000-ar.jpg,https://upload.wikimedia.org/wikipedia/commons/thumb/c/c0/Forlax_4g_Macrogol_4000-ar.jpg/1280px-Forlax_4g_Macrogol_4000-ar.jpg,CC BY-SA 4.0,"<a href=""//commons.wikimedia.org/w/index.php?title=User:Mystrixo&amp;action=edit&amp;redlink=1"" class=""new"" title=""User:Mystrixo (page does not exist)"">Mystrixo</a>",Real packaging/photo file from Wikimedia Commons; medication identity and Yemen registration require local verification.
236,Yemen / global medicines,Forxiga dapagliflozin,,,,,images/e355d4875239.jpg,https://commons.wikimedia.org/wiki/File%3AForxiga_dapagliflozin.jpg,https://upload.wikimedia.org/wikipedia/commons/thumb/d/d6/Forxiga_dapagliflozin.jpg/1280px-Forxiga_dapagliflozin.jpg,CC BY-SA 4.0,"<a href=""//commons.wikimedia.org/w/index.php?title=User:Kimivanil&amp;action=edit&amp;redlink=1"" class=""new"" title=""User:Kimivanil (page does not exist)"">Kimivanil</a>",Real packaging/photo file from Wikimedia Commons; medication identity and Yemen registration require local verification.
237,Yemen / global medicines,"Fraxiparine 0,4 ml inj",,,,,images/8581341f7689.jpg,https://commons.wikimedia.org/wiki/File%3AFraxiparine_0%2C4_ml_inj.jpg,https://upload.wikimedia.org/wikipedia/commons/thumb/1/13/Fraxiparine_0%2C4_ml_inj.jpg/1280px-Fraxiparine_0%2C4_ml_inj.jpg,CC BY-SA 4.0,"<a href=""//commons.wikimedia.org/w/index.php?title=User:Tomino_de_WS&amp;action=edit&amp;redlink=1"" class=""new"" title=""User:Tomino de WS (page does not exist)"">Tomino de WS</a>",Real packaging/photo file from Wikimedia Commons; medication identity and Yemen registration require local verification.
238,Yemen / global medicines,"Fraxiparine 0,6 ml injection",,,,,images/4e94ddfffaf2.jpg,https://commons.wikimedia.org/wiki/File%3AFraxiparine_0%2C6_ml_injection.jpg,https://upload.wikimedia.org/wikipedia/commons/thumb/c/c1/Fraxiparine_0%2C6_ml_injection.jpg/1280px-Fraxiparine_0%2C6_ml_injection.jpg,CC BY 4.0,"<a href=""//commons.wikimedia.org/w/index.php?title=User:Bluberryman&amp;action=edit&amp;redlink=1"" class=""new"" title=""User:Bluberryman (page does not exist)"">Bluberryman</a>",Real packaging/photo file from Wikimedia Commons; medication identity and Yemen registration require local verification.
239,Yemen / global medicines,"Fraxiparine Forte 0,6 ml inj",,,,,images/7ee5157c1745.jpg,https://commons.wikimedia.org/wiki/File%3AFraxiparine_Forte_0%2C6_ml_inj.jpg,https://upload.wikimedia.org/wikipedia/commons/thumb/e/eb/Fraxiparine_Forte_0%2C6_ml_inj.jpg/1280px-Fraxiparine_Forte_0%2C6_ml_inj.jpg,CC BY-SA 4.0,"<a href=""//commons.wikimedia.org/w/index.php?title=User:Tomino_de_WS&amp;action=edit&amp;redlink=1"" class=""new"" title=""User:Tomino de WS (page does not exist)"">Tomino de WS</a>",Real packaging/photo file from Wikimedia Commons; medication identity and Yemen registration require local verification.
240,Yemen / global medicines,"Fucicort (betamethasone, fusidic acid), Russian market 05",,,,,images/6fc0f369b273.jpg,https://commons.wikimedia.org/wiki/File%3AFucicort_%28betamethasone%2C_fusidic_acid%29%2C_Russian_market_05.jpg,https://upload.wikimedia.org/wikipedia/commons/thumb/0/09/Fucicort_%28betamethasone%2C_fusidic_acid%29%2C_Russian_market_05.jpg/1280px-Fucicort_%28betamethasone%2C_fusidic_acid%29%2C_Russian_market_05.jpg,CC0,"<a href=""//commons.wikimedia.org/w/index.php?title=User:Retired_electrician&amp;action=edit&amp;redlink=1"" class=""new"" title=""User:Retired electrician (page does not exist)"">Retired electrician</a>",Real packaging/photo file from Wikimedia Commons; medication identity and Yemen registration require local verification.
241,Yemen / global medicines,"Fucicort (betamethasone, fusidic acid), Russian market 07",,,,,images/a15d43b59231.jpg,https://commons.wikimedia.org/wiki/File%3AFucicort_%28betamethasone%2C_fusidic_acid%29%2C_Russian_market_07.jpg,https://upload.wikimedia.org/wikipedia/commons/thumb/e/e2/Fucicort_%28betamethasone%2C_fusidic_acid%29%2C_Russian_market_07.jpg/1280px-Fucicort_%28betamethasone%2C_fusidic_acid%29%2C_Russian_market_07.jpg,CC0,"<a href=""//commons.wikimedia.org/w/index.php?title=User:Retired_electrician&amp;action=edit&amp;redlink=1"" class=""new"" title=""User:Retired electrician (page does not exist)"">Retired electrician</a>",Real packaging/photo file from Wikimedia Commons; medication identity and Yemen registration require local verification.
242,Yemen / global medicines,Fucicort 20 g crm,,,,,images/ad55c6d2a212.jpg,https://commons.wikimedia.org/wiki/File%3AFucicort_20_g_crm.jpg,https://upload.wikimedia.org/wikipedia/commons/thumb/3/3c/Fucicort_20_g_crm.jpg/1280px-Fucicort_20_g_crm.jpg,CC BY-SA 4.0,"<a href=""//commons.wikimedia.org/w/index.php?title=User:Tomino_de_WS&amp;action=edit&amp;redlink=1"" class=""new"" title=""User:Tomino de WS (page does not exist)"">Tomino de WS</a>",Real packaging/photo file from Wikimedia Commons; medication identity and Yemen registration require local verification.
243,Yemen / global medicines,Fucidin irlandes distr andromaco,,,,,images/f2b14a8fd92a.jpg,https://commons.wikimedia.org/wiki/File%3AFucidin_irlandes_distr_andromaco.jpg,https://upload.wikimedia.org/wikipedia/commons/c/c6/Fucidin_irlandes_distr_andromaco.jpg,CC BY-SA 3.0,"<a href=""//commons.wikimedia.org/wiki/User:Penarc"" title=""User:Penarc"">Penarc</a>",Real packaging/photo file from Wikimedia Commons; medication identity and Yemen registration require local verification.
244,Yemen / global medicines,Furon-40,,,,,images/53ce61bc9fbf.jpg,https://commons.wikimedia.org/wiki/File%3AFuron-40.jpg,https://upload.wikimedia.org/wikipedia/commons/thumb/6/68/Furon-40.jpg/1280px-Furon-40.jpg,CC BY-SA 4.0,"<a href=""//commons.wikimedia.org/wiki/User:Wesalius"" title=""User:Wesalius"">Wesalius</a>",Real packaging/photo file from Wikimedia Commons; medication identity and Yemen registration require local verification.
245,Yemen / global medicines,Ganaton2a,,,,,images/b91833670fc0.jpg,https://commons.wikimedia.org/wiki/File%3AGanaton2a.jpg,https://upload.wikimedia.org/wikipedia/commons/2/2a/Ganaton2a.jpg,Public domain,"<a href=""//commons.wikimedia.org/w/index.php?title=User:Czechrite&amp;action=edit&amp;redlink=1"" class=""new"" title=""User:Czechrite (page does not exist)"">Czechrite</a>",Real packaging/photo file from Wikimedia Commons; medication identity and Yemen registration require local verification.
246,Yemen / global medicines,Gemsiban,,,,,images/7d603ef18902.jpg,https://commons.wikimedia.org/wiki/File%3AGemsiban.tif,https://upload.wikimedia.org/wikipedia/commons/thumb/b/b3/Gemsiban.tif/lossless-page1-1280px-Gemsiban.tif.png,CC BY-SA 4.0,"<a href=""//commons.wikimedia.org/w/index.php?title=User:Smhhda2&amp;action=edit&amp;redlink=1"" class=""new"" title=""User:Smhhda2 (page does not exist)"">Smhhda2</a>",Real packaging/photo file from Wikimedia Commons; medication identity and Yemen registration require local verification.
247,Yemen / global medicines,German packet of Cialis,,,,,images/2bcd9a774ee3.jpg,https://commons.wikimedia.org/wiki/File%3AGerman_packet_of_Cialis.jpg,https://upload.wikimedia.org/wikipedia/commons/thumb/2/2d/German_packet_of_Cialis.jpg/1280px-German_packet_of_Cialis.jpg,CC BY-SA 3.0,"<a href=""//commons.wikimedia.org/w/index.php?title=User:Mr.Brightside47&amp;action=edit&amp;redlink=1"" class=""new"" title=""User:Mr.Brightside47 (page does not exist)"">Mr.Brightside47</a>",Real packaging/photo file from Wikimedia Commons; medication identity and Yemen registration require local verification.
248,Yemen / global medicines,Giona Easyhaler 200 ug inh,,,,,images/e60429739984.jpg,https://commons.wikimedia.org/wiki/File%3AGiona_Easyhaler_200_ug_inh.jpg,https://upload.wikimedia.org/wikipedia/commons/thumb/4/4b/Giona_Easyhaler_200_ug_inh.jpg/1280px-Giona_Easyhaler_200_ug_inh.jpg,CC BY-SA 4.0,"<a href=""//commons.wikimedia.org/w/index.php?title=User:Tomino_de_WS&amp;action=edit&amp;redlink=1"" class=""new"" title=""User:Tomino de WS (page does not exist)"">Tomino de WS</a>",Real packaging/photo file from Wikimedia Commons; medication identity and Yemen registration require local verification.
249,Yemen / global medicines,Globuloarnica,,,,,images/010068b70907.jpg,https://commons.wikimedia.org/wiki/File%3AGlobuloarnica.jpg,https://upload.wikimedia.org/wikipedia/commons/8/84/Globuloarnica.jpg,CC BY-SA 3.0,"<a href=""//commons.wikimedia.org/w/index.php?title=User:Mikeleodon&amp;action=edit&amp;redlink=1"" class=""new"" title=""User:Mikeleodon (page does not exist)"">Mikeleodon</a>",Real packaging/photo file from Wikimedia Commons; medication identity and Yemen registration require local verification.
250,Yemen / global medicines,GTN spray,,,,,images/90a33fe6c798.jpg,https://commons.wikimedia.org/wiki/File%3AGTN_spray.jpg,https://upload.wikimedia.org/wikipedia/commons/thumb/c/ca/GTN_spray.jpg/1280px-GTN_spray.jpg,CC BY-SA 4.0,"<a href=""//commons.wikimedia.org/wiki/User:Whispyhistory"" title=""User:Whispyhistory"">Whispyhistory</a>",Real packaging/photo file from Wikimedia Commons; medication identity and Yemen registration require local verification.
251,Yemen / global medicines,Gynatren March 2020,,,,,images/f6de32c68910.jpg,https://commons.wikimedia.org/wiki/File%3AGynatren_March_2020.jpg,https://upload.wikimedia.org/wikipedia/commons/thumb/c/cd/Gynatren_March_2020.jpg/1280px-Gynatren_March_2020.jpg,CC BY-SA 4.0,"<a href=""//commons.wikimedia.org/w/index.php?title=User:AnnaVermes&amp;action=edit&amp;redlink=1"" class=""new"" title=""User:AnnaVermes (page does not exist)"">AnnaVermes</a>",Real packaging/photo file from Wikimedia Commons; medication identity and Yemen registration require local verification.
252,Yemen / global medicines,Halometasone cream,,,,,images/ebf6606582a2.jpg,https://commons.wikimedia.org/wiki/File%3AHalometasone_cream.jpg,https://upload.wikimedia.org/wikipedia/commons/thumb/0/02/Halometasone_cream.jpg/1280px-Halometasone_cream.jpg,CC BY-SA 3.0,"<a href=""//commons.wikimedia.org/wiki/User:Kristoferb"" title=""User:Kristoferb"">Kristoferb</a>",Real packaging/photo file from Wikimedia Commons; medication identity and Yemen registration require local verification.
253,Yemen / global medicines,Heantos4.vn,,,,,images/abc4aef71d0a.jpg,https://commons.wikimedia.org/wiki/File%3AHeantos4.vn.jpg,https://upload.wikimedia.org/wikipedia/commons/thumb/0/0f/Heantos4.vn.jpg/1280px-Heantos4.vn.jpg,CC BY 4.0,"<a href=""//commons.wikimedia.org/w/index.php?title=User:Heantos4&amp;action=edit&amp;redlink=1"" class=""new"" title=""User:Heantos4 (page does not exist)"">Heantos4</a>",Real packaging/photo file from Wikimedia Commons; medication identity and Yemen registration require local verification.
254,Yemen / global medicines,Hexamethylenetetramine Bayer,,,,,images/7c05960281c1.jpg,https://commons.wikimedia.org/wiki/File%3AHexamethylenetetramine_Bayer.jpg,https://upload.wikimedia.org/wikipedia/commons/thumb/4/4b/Hexamethylenetetramine_Bayer.jpg/1280px-Hexamethylenetetramine_Bayer.jpg,CC BY-SA 4.0,"<a href=""//commons.wikimedia.org/w/index.php?title=User:126Edward&amp;action=edit&amp;redlink=1"" class=""new"" title=""User:126Edward (page does not exist)"">126Edward</a>",Real packaging/photo file from Wikimedia Commons; medication identity and Yemen registration require local verification.
255,Yemen / global medicines,Hidrasec 30 mg gra,,,,,images/25b857ae5eac.jpg,https://commons.wikimedia.org/wiki/File%3AHidrasec_30_mg_gra.jpg,https://upload.wikimedia.org/wikipedia/commons/thumb/e/e0/Hidrasec_30_mg_gra.jpg/1280px-Hidrasec_30_mg_gra.jpg,CC BY-SA 4.0,"<a href=""//commons.wikimedia.org/w/index.php?title=User:Tomino_de_WS&amp;action=edit&amp;redlink=1"" class=""new"" title=""User:Tomino de WS (page does not exist)"">Tomino de WS</a>",Real packaging/photo file from Wikimedia Commons; medication identity and Yemen registration require local verification.
256,Yemen / global medicines,Hydrocodone liquid,,,,,images/dec2b7770898.jpg,https://commons.wikimedia.org/wiki/File%3AHydrocodone_liquid.jpg,https://upload.wikimedia.org/wikipedia/commons/a/a8/Hydrocodone_liquid.jpg,CC0,Self,Real packaging/photo file from Wikimedia Commons; medication identity and Yemen registration require local verification.
257,Yemen / global medicines,Hypokalemic Periodic Paralysis Medicines in Pakistan,,,,,images/423538892345.jpg,https://commons.wikimedia.org/wiki/File%3AHypokalemic_Periodic_Paralysis_Medicines_in_Pakistan.JPG,https://upload.wikimedia.org/wikipedia/commons/thumb/a/af/Hypokalemic_Periodic_Paralysis_Medicines_in_Pakistan.JPG/1280px-Hypokalemic_Periodic_Paralysis_Medicines_in_Pakistan.JPG,CC0,"<a href=""//commons.wikimedia.org/wiki/User:Miansari66"" title=""User:Miansari66"">Miansari66</a>",Real packaging/photo file from Wikimedia Commons; medication identity and Yemen registration require local verification.
258,Yemen / global medicines,Ibalgin-400,,,,,images/16067a195ebf.jpg,https://commons.wikimedia.org/wiki/File%3AIbalgin-400.jpg,https://upload.wikimedia.org/wikipedia/commons/thumb/8/85/Ibalgin-400.jpg/1280px-Ibalgin-400.jpg,CC BY-SA 4.0,"<a href=""//commons.wikimedia.org/wiki/User:Wesalius"" title=""User:Wesalius"">Wesalius</a>",Real packaging/photo file from Wikimedia Commons; medication identity and Yemen registration require local verification.
259,Yemen / global medicines,Ibrutinib,,,,,images/1e67cbc7137f.jpg,https://commons.wikimedia.org/wiki/File%3AIbrutinib.jpg,https://upload.wikimedia.org/wikipedia/commons/thumb/b/b5/Ibrutinib.jpg/1280px-Ibrutinib.jpg,CC BY 2.0,Cindy Shebley,Real packaging/photo file from Wikimedia Commons; medication identity and Yemen registration require local verification.
260,Yemen / global medicines,Ibuprofen-400,,,,,images/a8a0a1a7ea2b.jpg,https://commons.wikimedia.org/wiki/File%3AIbuprofen-400.jpg,https://upload.wikimedia.org/wikipedia/commons/thumb/7/7a/Ibuprofen-400.jpg/1280px-Ibuprofen-400.jpg,CC BY-SA 4.0,"<a href=""//commons.wikimedia.org/wiki/User:Wesalius"" title=""User:Wesalius"">Wesalius</a>",Real packaging/photo file from Wikimedia Commons; medication identity and Yemen registration require local verification.
261,Yemen / global medicines,Ibuprofen,,,,,images/cc8b020d78b7.jpg,https://commons.wikimedia.org/wiki/File%3AIbuprofen.jpg,https://upload.wikimedia.org/wikipedia/commons/thumb/7/7a/Ibuprofen.jpg/1280px-Ibuprofen.jpg,CC BY-SA 4.0,"<a href=""//commons.wikimedia.org/w/index.php?title=User:Mvejr&amp;action=edit&amp;redlink=1"" class=""new"" title=""User:Mvejr (page does not exist)"">Mvejr</a>",Real packaging/photo file from Wikimedia Commons; medication identity and Yemen registration require local verification.
262,Yemen / global medicines,Ilomedine,,,,,images/f99e3503e9c5.jpg,https://commons.wikimedia.org/wiki/File%3AIlomedine.jpg,https://upload.wikimedia.org/wikipedia/commons/3/30/Ilomedine.jpg,CC BY-SA 3.0,"<a href=""https://en.wikipedia.org/wiki/User:Panthro"" class=""extiw"" title=""en:User:Panthro"">Panthro</a> (<a href=""https://en.wikipedia.org/wiki/User_talk:Panthro"" class=""extiw"" title=""en:User talk:Panthro"">talk</a>)",Real packaging/photo file from Wikimedia Commons; medication identity and Yemen registration require local verification.
263,Yemen / global medicines,Image pharmex phages,,,,,images/67f7fd75f51b.jpg,https://commons.wikimedia.org/wiki/File%3AImage_pharmex_phages.jpg,https://upload.wikimedia.org/wikipedia/commons/a/aa/Image_pharmex_phages.jpg,CC BY-SA 4.0,"<a href=""//commons.wikimedia.org/w/index.php?title=User:Oasisllc&amp;action=edit&amp;redlink=1"" class=""new"" title=""User:Oasisllc (page does not exist)"">Oasisllc</a>",Real packaging/photo file from Wikimedia Commons; medication identity and Yemen registration require local verification.
264,Yemen / global medicines,ImageTavaborole,,,,,images/c2ec9b89f2a1.jpg,https://commons.wikimedia.org/wiki/File%3AImageTavaborole.jpg,https://upload.wikimedia.org/wikipedia/commons/1/19/ImageTavaborole.jpg,Public domain,NIH,Real packaging/photo file from Wikimedia Commons; medication identity and Yemen registration require local verification.
265,Yemen / global medicines,IMG 0356 post,,,,,images/e01c179b917a.jpg,https://commons.wikimedia.org/wiki/File%3AIMG_0356_post.jpg,https://upload.wikimedia.org/wikipedia/commons/thumb/4/4b/IMG_0356_post.jpg/1280px-IMG_0356_post.jpg,CC BY-SA 3.0,"<a href=""//commons.wikimedia.org/wiki/User:Japanexperterna.se"" title=""User:Japanexperterna.se"">Japanexperterna.se</a>",Real packaging/photo file from Wikimedia Commons; medication identity and Yemen registration require local verification.
266,Yemen / global medicines,Immunoglobulin 017,,,,,images/ae49bb748cde.jpg,https://commons.wikimedia.org/wiki/File%3AImmunoglobulin_017.jpg,https://upload.wikimedia.org/wikipedia/commons/thumb/2/26/Immunoglobulin_017.jpg/1280px-Immunoglobulin_017.jpg,CC BY 3.0,"<a href=""//commons.wikimedia.org/w/index.php?title=User:PanaromicTiger&amp;action=edit&amp;redlink=1"" class=""new"" title=""User:PanaromicTiger (page does not exist)"">PanaromicTiger</a>",Real packaging/photo file from Wikimedia Commons; medication identity and Yemen registration require local verification.
267,Yemen / global medicines,Immunoglobulin 018,,,,,images/03f183775487.jpg,https://commons.wikimedia.org/wiki/File%3AImmunoglobulin_018.jpg,https://upload.wikimedia.org/wikipedia/commons/thumb/9/91/Immunoglobulin_018.jpg/1280px-Immunoglobulin_018.jpg,CC BY 3.0,"<a href=""//commons.wikimedia.org/w/index.php?title=User:PanaromicTiger&amp;action=edit&amp;redlink=1"" class=""new"" title=""User:PanaromicTiger (page does not exist)"">PanaromicTiger</a>",Real packaging/photo file from Wikimedia Commons; medication identity and Yemen registration require local verification.
268,Yemen / global medicines,Immunoglobulin 019,,,,,images/d23ab72b0dca.jpg,https://commons.wikimedia.org/wiki/File%3AImmunoglobulin_019.jpg,https://upload.wikimedia.org/wikipedia/commons/thumb/d/de/Immunoglobulin_019.jpg/1280px-Immunoglobulin_019.jpg,CC BY 3.0,"<a href=""//commons.wikimedia.org/w/index.php?title=User:PanaromicTiger&amp;action=edit&amp;redlink=1"" class=""new"" title=""User:PanaromicTiger (page does not exist)"">PanaromicTiger</a>",Real packaging/photo file from Wikimedia Commons; medication identity and Yemen registration require local verification.
269,Yemen / global medicines,Imunotop H Pack copy 1 (1),,,,,images/09de3660cb03.png,https://commons.wikimedia.org/wiki/File%3AImunotop_H_Pack_copy_1_%281%29.png,https://upload.wikimedia.org/wikipedia/commons/thumb/5/5f/Imunotop_H_Pack_copy_1_%281%29.png/1280px-Imunotop_H_Pack_copy_1_%281%29.png,CC BY-SA 4.0,"<a href=""//commons.wikimedia.org/w/index.php?title=User:Imunotop-H_Capsule&amp;action=edit&amp;redlink=1"" class=""new"" title=""User:Imunotop-H Capsule (page does not exist)"">Imunotop-H Capsule</a>",Real packaging/photo file from Wikimedia Commons; medication identity and Yemen registration require local verification.
270,Yemen / global medicines,Inavir,,,,,images/42c0a315b75c.jpg,https://commons.wikimedia.org/wiki/File%3AInavir.jpg,https://upload.wikimedia.org/wikipedia/commons/thumb/a/ae/Inavir.jpg/1280px-Inavir.jpg,CC0,"<a href=""//commons.wikimedia.org/wiki/User:%E3%83%A1%E3%83%AB%E3%83%93%E3%83%AB"" title=""User:メルビル"">メルビル</a>",Real packaging/photo file from Wikimedia Commons; medication identity and Yemen registration require local verification.
271,Yemen / global medicines,Inderal,,,,,images/cde1faaa2e2c.jpg,https://commons.wikimedia.org/wiki/File%3AInderal.JPG,https://upload.wikimedia.org/wikipedia/commons/thumb/e/ec/Inderal.JPG/1280px-Inderal.JPG,CC0,"<a href=""//commons.wikimedia.org/wiki/User:Miansari66"" title=""User:Miansari66"">Miansari66</a>",Real packaging/photo file from Wikimedia Commons; medication identity and Yemen registration require local verification.
272,Yemen / global medicines,Indometacin léčivé přípravky 2,,,,,images/8ccb377241dc.jpg,https://commons.wikimedia.org/wiki/File%3AIndometacin_l%C3%A9%C4%8Div%C3%A9_p%C5%99%C3%ADpravky_2.JPG,https://upload.wikimedia.org/wikipedia/commons/thumb/f/f0/Indometacin_l%C3%A9%C4%8Div%C3%A9_p%C5%99%C3%ADpravky_2.JPG/1280px-Indometacin_l%C3%A9%C4%8Div%C3%A9_p%C5%99%C3%ADpravky_2.JPG,CC BY-SA 3.0,"<a href=""//commons.wikimedia.org/w/index.php?title=User:Irib&amp;action=edit&amp;redlink=1"" class=""new"" title=""User:Irib (page does not exist)"">Irib</a>",Real packaging/photo file from Wikimedia Commons; medication identity and Yemen registration require local verification.
273,Yemen / global medicines,Indometacin léčivé přípravky,,,,,images/fabed3dee369.jpg,https://commons.wikimedia.org/wiki/File%3AIndometacin_l%C3%A9%C4%8Div%C3%A9_p%C5%99%C3%ADpravky.JPG,https://upload.wikimedia.org/wikipedia/commons/thumb/2/2b/Indometacin_l%C3%A9%C4%8Div%C3%A9_p%C5%99%C3%ADpravky.JPG/1280px-Indometacin_l%C3%A9%C4%8Div%C3%A9_p%C5%99%C3%ADpravky.JPG,CC BY-SA 3.0,"<a href=""//commons.wikimedia.org/w/index.php?title=User:Irib&amp;action=edit&amp;redlink=1"" class=""new"" title=""User:Irib (page does not exist)"">Irib</a>",Real packaging/photo file from Wikimedia Commons; medication identity and Yemen registration require local verification.
274,Yemen / global medicines,Inhalateur pour l'asthme isolé sur fond blanc (1) 01,,,,,images/efad85f70f7a.jpg,https://commons.wikimedia.org/wiki/File%3AInhalateur_pour_l%27asthme_isol%C3%A9_sur_fond_blanc_%281%29_01.jpg,https://upload.wikimedia.org/wikipedia/commons/thumb/7/70/Inhalateur_pour_l%27asthme_isol%C3%A9_sur_fond_blanc_%281%29_01.jpg/1280px-Inhalateur_pour_l%27asthme_isol%C3%A9_sur_fond_blanc_%281%29_01.jpg,CC BY-SA 4.0,"<a href=""//commons.wikimedia.org/wiki/User:Adoscam"" title=""User:Adoscam"">Adoscam</a>",Real packaging/photo file from Wikimedia Commons; medication identity and Yemen registration require local verification.
275,Yemen / global medicines,Inhalateur pour l'asthme isolé sur fond blanc (1) 02,,,,,images/7ffedb42e358.jpg,https://commons.wikimedia.org/wiki/File%3AInhalateur_pour_l%27asthme_isol%C3%A9_sur_fond_blanc_%281%29_02.jpg,https://upload.wikimedia.org/wikipedia/commons/thumb/2/22/Inhalateur_pour_l%27asthme_isol%C3%A9_sur_fond_blanc_%281%29_02.jpg/1280px-Inhalateur_pour_l%27asthme_isol%C3%A9_sur_fond_blanc_%281%29_02.jpg,CC BY-SA 4.0,"<a href=""//commons.wikimedia.org/wiki/User:Adoscam"" title=""User:Adoscam"">Adoscam</a>",Real packaging/photo file from Wikimedia Commons; medication identity and Yemen registration require local verification.
276,Yemen / global medicines,Inhalateur pour l'asthme isolé sur fond blanc (1) 03,,,,,images/fd7128c9ce5a.jpg,https://commons.wikimedia.org/wiki/File%3AInhalateur_pour_l%27asthme_isol%C3%A9_sur_fond_blanc_%281%29_03.jpg,https://upload.wikimedia.org/wikipedia/commons/thumb/e/eb/Inhalateur_pour_l%27asthme_isol%C3%A9_sur_fond_blanc_%281%29_03.jpg/1280px-Inhalateur_pour_l%27asthme_isol%C3%A9_sur_fond_blanc_%281%29_03.jpg,CC BY-SA 4.0,"<a href=""//commons.wikimedia.org/wiki/User:Adoscam"" title=""User:Adoscam"">Adoscam</a>",Real packaging/photo file from Wikimedia Commons; medication identity and Yemen registration require local verification.
277,Yemen / global medicines,Inhalateur pour l'asthme isolé sur fond blanc (1) 04,,,,,images/77ca9ec8a11b.jpg,https://commons.wikimedia.org/wiki/File%3AInhalateur_pour_l%27asthme_isol%C3%A9_sur_fond_blanc_%281%29_04.jpg,https://upload.wikimedia.org/wikipedia/commons/thumb/7/73/Inhalateur_pour_l%27asthme_isol%C3%A9_sur_fond_blanc_%281%29_04.jpg/1280px-Inhalateur_pour_l%27asthme_isol%C3%A9_sur_fond_blanc_%281%29_04.jpg,CC BY-SA 4.0,"<a href=""//commons.wikimedia.org/wiki/User:Adoscam"" title=""User:Adoscam"">Adoscam</a>",Real packaging/photo file from Wikimedia Commons; medication identity and Yemen registration require local verification.
278,Yemen / global medicines,Inhalateur pour l'asthme isolé sur fond blanc (1) 05,,,,,images/abfe80635113.jpg,https://commons.wikimedia.org/wiki/File%3AInhalateur_pour_l%27asthme_isol%C3%A9_sur_fond_blanc_%281%29_05.jpg,https://upload.wikimedia.org/wikipedia/commons/thumb/d/d0/Inhalateur_pour_l%27asthme_isol%C3%A9_sur_fond_blanc_%281%29_05.jpg/1280px-Inhalateur_pour_l%27asthme_isol%C3%A9_sur_fond_blanc_%281%29_05.jpg,CC BY-SA 4.0,"<a href=""//commons.wikimedia.org/wiki/User:Adoscam"" title=""User:Adoscam"">Adoscam</a>",Real packaging/photo file from Wikimedia Commons; medication identity and Yemen registration require local verification.
279,Yemen / global medicines,Inhalateur pour l'asthme isolé sur fond blanc (1) 06,,,,,images/5a139d6b00fa.jpg,https://commons.wikimedia.org/wiki/File%3AInhalateur_pour_l%27asthme_isol%C3%A9_sur_fond_blanc_%281%29_06.jpg,https://upload.wikimedia.org/wikipedia/commons/thumb/5/54/Inhalateur_pour_l%27asthme_isol%C3%A9_sur_fond_blanc_%281%29_06.jpg/1280px-Inhalateur_pour_l%27asthme_isol%C3%A9_sur_fond_blanc_%281%29_06.jpg,CC BY-SA 4.0,"<a href=""//commons.wikimedia.org/wiki/User:Adoscam"" title=""User:Adoscam"">Adoscam</a>",Real packaging/photo file from Wikimedia Commons; medication identity and Yemen registration require local verification.
280,Yemen / global medicines,Inhalateur pour l'asthme isolé sur fond blanc (1) 07,,,,,images/931895f7e8b1.jpg,https://commons.wikimedia.org/wiki/File%3AInhalateur_pour_l%27asthme_isol%C3%A9_sur_fond_blanc_%281%29_07.jpg,https://upload.wikimedia.org/wikipedia/commons/thumb/5/5d/Inhalateur_pour_l%27asthme_isol%C3%A9_sur_fond_blanc_%281%29_07.jpg/1280px-Inhalateur_pour_l%27asthme_isol%C3%A9_sur_fond_blanc_%281%29_07.jpg,CC BY-SA 4.0,"<a href=""//commons.wikimedia.org/wiki/User:Adoscam"" title=""User:Adoscam"">Adoscam</a>",Real packaging/photo file from Wikimedia Commons; medication identity and Yemen registration require local verification.
281,Yemen / global medicines,Inhalateur pour l'asthme isolé sur fond blanc (1) 08,,,,,images/55d0f36d6876.jpg,https://commons.wikimedia.org/wiki/File%3AInhalateur_pour_l%27asthme_isol%C3%A9_sur_fond_blanc_%281%29_08.jpg,https://upload.wikimedia.org/wikipedia/commons/thumb/8/85/Inhalateur_pour_l%27asthme_isol%C3%A9_sur_fond_blanc_%281%29_08.jpg/1280px-Inhalateur_pour_l%27asthme_isol%C3%A9_sur_fond_blanc_%281%29_08.jpg,CC BY-SA 4.0,"<a href=""//commons.wikimedia.org/wiki/User:Adoscam"" title=""User:Adoscam"">Adoscam</a>",Real packaging/photo file from Wikimedia Commons; medication identity and Yemen registration require local verification.
282,Yemen / global medicines,Injexate 50 mg-ml inj,,,,,images/cd8735978f2d.jpg,https://commons.wikimedia.org/wiki/File%3AInjexate_50_mg-ml_inj.jpg,https://upload.wikimedia.org/wikipedia/commons/thumb/4/46/Injexate_50_mg-ml_inj.jpg/1280px-Injexate_50_mg-ml_inj.jpg,CC BY-SA 4.0,"<a href=""//commons.wikimedia.org/w/index.php?title=User:Tomino_de_WS&amp;action=edit&amp;redlink=1"" class=""new"" title=""User:Tomino de WS (page does not exist)"">Tomino de WS</a>",Real packaging/photo file from Wikimedia Commons; medication identity and Yemen registration require local verification.
283,Yemen / global medicines,IodineDistJapan,,,,,images/a4ad9b9c6874.jpg,https://commons.wikimedia.org/wiki/File%3AIodineDistJapan.jpg,https://upload.wikimedia.org/wikipedia/commons/thumb/f/f6/IodineDistJapan.jpg/1280px-IodineDistJapan.jpg,Public domain,U.S. Air Force photo/Osakabe Yasuo,Real packaging/photo file from Wikimedia Commons; medication identity and Yemen registration require local verification.
284,Yemen / global medicines,Isolyte 500 ml,,,,,images/74875aa63493.jpg,https://commons.wikimedia.org/wiki/File%3AIsolyte_500_ml.jpg,https://upload.wikimedia.org/wikipedia/commons/thumb/0/01/Isolyte_500_ml.jpg/1280px-Isolyte_500_ml.jpg,CC BY-SA 4.0,Pavel Dušek,Real packaging/photo file from Wikimedia Commons; medication identity and Yemen registration require local verification.
285,Yemen / global medicines,Januvia sitagliptin,,,,,images/b270e4463a9f.jpg,https://commons.wikimedia.org/wiki/File%3AJanuvia_sitagliptin.jpg,https://upload.wikimedia.org/wikipedia/commons/thumb/f/fa/Januvia_sitagliptin.jpg/1280px-Januvia_sitagliptin.jpg,CC BY-SA 4.0,"<a href=""//commons.wikimedia.org/w/index.php?title=User:Kimivanil&amp;action=edit&amp;redlink=1"" class=""new"" title=""User:Kimivanil (page does not exist)"">Kimivanil</a>",Real packaging/photo file from Wikimedia Commons; medication identity and Yemen registration require local verification.
286,Yemen / global medicines,"Jardiance 10mg box, angle view",,,,,images/918176f4537e.jpg,https://commons.wikimedia.org/wiki/File%3AJardiance_10mg_box%2C_angle_view.jpg,https://upload.wikimedia.org/wikipedia/commons/thumb/9/9e/Jardiance_10mg_box%2C_angle_view.jpg/1280px-Jardiance_10mg_box%2C_angle_view.jpg,CC BY-SA 4.0,"<a href=""//commons.wikimedia.org/wiki/User:Grendelkhan"" title=""User:Grendelkhan"">Grendelkhan</a>",Real packaging/photo file from Wikimedia Commons; medication identity and Yemen registration require local verification.
287,Yemen / global medicines,"Jardiance 10mg box, front view",,,,,images/a3b789e2ee10.jpg,https://commons.wikimedia.org/wiki/File%3AJardiance_10mg_box%2C_front_view.jpg,https://upload.wikimedia.org/wikipedia/commons/thumb/5/5b/Jardiance_10mg_box%2C_front_view.jpg/1280px-Jardiance_10mg_box%2C_front_view.jpg,CC BY-SA 4.0,"<a href=""//commons.wikimedia.org/wiki/User:Grendelkhan"" title=""User:Grendelkhan"">Grendelkhan</a>",Real packaging/photo file from Wikimedia Commons; medication identity and Yemen registration require local verification.
288,Yemen / global medicines,Jext300-Autoinjektor+Box,,,,,images/399b48ff03be.jpg,https://commons.wikimedia.org/wiki/File%3AJext300-Autoinjektor%2BBox.jpg,https://upload.wikimedia.org/wikipedia/commons/thumb/1/14/Jext300-Autoinjektor%2BBox.jpg/1280px-Jext300-Autoinjektor%2BBox.jpg,CC BY-SA 3.0,"<a href=""//commons.wikimedia.org/wiki/User:Cccefalon"" title=""User:Cccefalon"">CEphoto, Uwe Aranas</a>",Real packaging/photo file from Wikimedia Commons; medication identity and Yemen registration require local verification.
289,Yemen / global medicines,Jext300-Autoinjektor-01,,,,,images/92455df77dd6.jpg,https://commons.wikimedia.org/wiki/File%3AJext300-Autoinjektor-01.jpg,https://upload.wikimedia.org/wikipedia/commons/thumb/7/71/Jext300-Autoinjektor-01.jpg/1280px-Jext300-Autoinjektor-01.jpg,CC BY-SA 3.0,"<a href=""//commons.wikimedia.org/wiki/User:Cccefalon"" title=""User:Cccefalon"">CEphoto, Uwe Aranas</a>",Real packaging/photo file from Wikimedia Commons; medication identity and Yemen registration require local verification.
290,Yemen / global medicines,Jext300-Autoinjektor-02,,,,,images/6503b568d438.jpg,https://commons.wikimedia.org/wiki/File%3AJext300-Autoinjektor-02.jpg,https://upload.wikimedia.org/wikipedia/commons/thumb/d/d6/Jext300-Autoinjektor-02.jpg/1280px-Jext300-Autoinjektor-02.jpg,CC BY-SA 3.0,"<a href=""//commons.wikimedia.org/wiki/User:Cccefalon"" title=""User:Cccefalon"">CEphoto, Uwe Aranas</a>",Real packaging/photo file from Wikimedia Commons; medication identity and Yemen registration require local verification.
291,Yemen / global medicines,Jext300-Autoinjektor-03,,,,,images/7da47c44da21.jpg,https://commons.wikimedia.org/wiki/File%3AJext300-Autoinjektor-03.jpg,https://upload.wikimedia.org/wikipedia/commons/thumb/a/ac/Jext300-Autoinjektor-03.jpg/1280px-Jext300-Autoinjektor-03.jpg,CC BY-SA 3.0,"<a href=""//commons.wikimedia.org/wiki/User:Cccefalon"" title=""User:Cccefalon"">CEphoto, Uwe Aranas</a>",Real packaging/photo file from Wikimedia Commons; medication identity and Yemen registration require local verification.
292,Yemen / global medicines,Kalium-chloratum-400,,,,,images/038460f7aa7a.jpg,https://commons.wikimedia.org/wiki/File%3AKalium-chloratum-400.jpg,https://upload.wikimedia.org/wikipedia/commons/thumb/d/d6/Kalium-chloratum-400.jpg/1280px-Kalium-chloratum-400.jpg,CC BY-SA 4.0,"<a href=""//commons.wikimedia.org/wiki/User:Wesalius"" title=""User:Wesalius"">Wesalius</a>",Real packaging/photo file from Wikimedia Commons; medication identity and Yemen registration require local verification.
293,Yemen / global medicines,Kallmann treatment methods,,,,,images/10090461126c.jpg,https://commons.wikimedia.org/wiki/File%3AKallmann_treatment_methods.jpg,https://upload.wikimedia.org/wikipedia/commons/1/18/Kallmann_treatment_methods.jpg,CC BY-SA 4.0,"<a href=""//commons.wikimedia.org/w/index.php?title=User:Neilsmith38&amp;action=edit&amp;redlink=1"" class=""new"" title=""User:Neilsmith38 (page does not exist)"">Neilsmith38</a>",Real packaging/photo file from Wikimedia Commons; medication identity and Yemen registration require local verification.
294,Yemen / global medicines,Kanavit-20,,,,,images/2fc9b69025d7.jpg,https://commons.wikimedia.org/wiki/File%3AKanavit-20.jpg,https://upload.wikimedia.org/wikipedia/commons/thumb/c/c5/Kanavit-20.jpg/1280px-Kanavit-20.jpg,CC BY-SA 4.0,"<a href=""//commons.wikimedia.org/wiki/User:Wesalius"" title=""User:Wesalius"">Wesalius</a>",Real packaging/photo file from Wikimedia Commons; medication identity and Yemen registration require local verification.
295,Yemen / global medicines,Kefalex,,,,,images/ebc17a7e54d3.jpg,https://commons.wikimedia.org/wiki/File%3AKefalex.jpg,https://upload.wikimedia.org/wikipedia/commons/thumb/a/a7/Kefalex.jpg/1280px-Kefalex.jpg,CC BY-SA 4.0,"<a href=""//commons.wikimedia.org/w/index.php?title=User:Styroks&amp;action=edit&amp;redlink=1"" class=""new"" title=""User:Styroks (page does not exist)"">Styroks</a>",Real packaging/photo file from Wikimedia Commons; medication identity and Yemen registration require local verification.
296,Yemen / global medicines,Kenalog,,,,,images/d87fa11a32ff.jpg,https://commons.wikimedia.org/wiki/File%3AKenalog.jpg,https://upload.wikimedia.org/wikipedia/commons/0/00/Kenalog.jpg,Public domain,"<a href=""https://en.wikipedia.org/wiki/User:Panthro"" class=""extiw"" title=""en:User:Panthro"">Panthro</a> (<a href=""https://en.wikipedia.org/wiki/User_talk:Panthro"" class=""extiw"" title=""en:User talk:Panthro"">talk</a>)",Real packaging/photo file from Wikimedia Commons; medication identity and Yemen registration require local verification.
297,Yemen / global medicines,Keppra 100 mg-ml,,,,,images/e9dfb9e3a638.jpg,https://commons.wikimedia.org/wiki/File%3AKeppra_100_mg-ml.jpg,https://upload.wikimedia.org/wikipedia/commons/thumb/e/e3/Keppra_100_mg-ml.jpg/1280px-Keppra_100_mg-ml.jpg,CC BY-SA 4.0,Pavel Dušek,Real packaging/photo file from Wikimedia Commons; medication identity and Yemen registration require local verification.
298,Yemen / global medicines,Keppra 500 mg tbl,,,,,images/5fc178d5e895.jpg,https://commons.wikimedia.org/wiki/File%3AKeppra_500_mg_tbl.jpg,https://upload.wikimedia.org/wikipedia/commons/thumb/8/8f/Keppra_500_mg_tbl.jpg/1280px-Keppra_500_mg_tbl.jpg,CC BY-SA 4.0,Pavel Dušek,Real packaging/photo file from Wikimedia Commons; medication identity and Yemen registration require local verification.
299,Yemen / global medicines,KIETYL 6mg,,,,,images/9e38b74786b5.jpg,https://commons.wikimedia.org/wiki/File%3AKIETYL_6mg.jpg,https://upload.wikimedia.org/wikipedia/commons/thumb/1/1f/KIETYL_6mg.jpg/1280px-KIETYL_6mg.jpg,CC0,"<a href=""//commons.wikimedia.org/w/index.php?title=User:Mystrixo&amp;action=edit&amp;redlink=1"" class=""new"" title=""User:Mystrixo (page does not exist)"">Mystrixo</a>",Real packaging/photo file from Wikimedia Commons; medication identity and Yemen registration require local verification.
300,Yemen / global medicines,Klacid 125 mg- ml gra,,,,,images/0516b39f329a.jpg,https://commons.wikimedia.org/wiki/File%3AKlacid_125_mg-_ml_gra.jpg,https://upload.wikimedia.org/wikipedia/commons/thumb/8/80/Klacid_125_mg-_ml_gra.jpg/1280px-Klacid_125_mg-_ml_gra.jpg,CC BY-SA 4.0,"<a href=""//commons.wikimedia.org/w/index.php?title=User:Tomino_de_WS&amp;action=edit&amp;redlink=1"" class=""new"" title=""User:Tomino de WS (page does not exist)"">Tomino de WS</a>",Real packaging/photo file from Wikimedia Commons; medication identity and Yemen registration require local verification.
301,Yemen / global medicines,Klopidogrel,,,,,images/da2f6c0e2490.jpg,https://commons.wikimedia.org/wiki/File%3AKlopidogrel.jpg,https://upload.wikimedia.org/wikipedia/commons/thumb/e/ef/Klopidogrel.jpg/1280px-Klopidogrel.jpg,CC BY-SA 4.0,"<a href=""//commons.wikimedia.org/w/index.php?title=User:InakiXabier&amp;action=edit&amp;redlink=1"" class=""new"" title=""User:InakiXabier (page does not exist)"">InakiXabier</a>",Real packaging/photo file from Wikimedia Commons; medication identity and Yemen registration require local verification.
302,Yemen / global medicines,Korvalol,,,,,images/65afa6760044.png,https://commons.wikimedia.org/wiki/File%3AKorvalol.png,https://upload.wikimedia.org/wikipedia/commons/5/52/Korvalol.png,CC BY-SA 4.0,"<a href=""//commons.wikimedia.org/w/index.php?title=User:KRaikkonen01&amp;action=edit&amp;redlink=1"" class=""new"" title=""User:KRaikkonen01 (page does not exist)"">KRaikkonen01</a>",Real packaging/photo file from Wikimedia Commons; medication identity and Yemen registration require local verification.
303,Yemen / global medicines,Kruken,,,,,images/664781b16dd9.jpg,https://commons.wikimedia.org/wiki/File%3AKruken.jpg,https://upload.wikimedia.org/wikipedia/commons/thumb/1/10/Kruken.jpg/1280px-Kruken.jpg,Public domain,"<a href=""//commons.wikimedia.org/w/index.php?title=User:Hartung&amp;action=edit&amp;redlink=1"" class=""new"" title=""User:Hartung (page does not exist)"">Hartung</a>",Real packaging/photo file from Wikimedia Commons; medication identity and Yemen registration require local verification.
304,Yemen / global medicines,Kryptoprin Ampulle,,,,,images/de22f4f0d3e3.jpg,https://commons.wikimedia.org/wiki/File%3AKryptoprin_Ampulle.JPG,https://upload.wikimedia.org/wikipedia/commons/9/96/Kryptoprin_Ampulle.JPG,CC BY-SA 4.0,"<a href=""//commons.wikimedia.org/w/index.php?title=User:Kryptoprin&amp;action=edit&amp;redlink=1"" class=""new"" title=""User:Kryptoprin (page does not exist)"">Kryptoprin</a>",Real packaging/photo file from Wikimedia Commons; medication identity and Yemen registration require local verification.
305,Yemen / global medicines,"Canister of Dr Jenner's indigestion powder, by Savory and Mo Wellcome L0057859",,,,,images/27148a9d2269.jpg,https://commons.wikimedia.org/wiki/File%3ACanister_of_Dr_Jenner%27s_indigestion_powder%2C_by_Savory_and_Mo_Wellcome_L0057859.jpg,https://upload.wikimedia.org/wikipedia/commons/thumb/1/1c/Canister_of_Dr_Jenner%27s_indigestion_powder%2C_by_Savory_and_Mo_Wellcome_L0057859.jpg/1280px-Canister_of_Dr_Jenner%27s_indigestion_powder%2C_by_Savory_and_Mo_Wellcome_L0057859.jpg,CC BY 4.0,,Real packaging/photo file from Wikimedia Commons; medication identity and Yemen registration require local verification.
306,Yemen / global medicines,Lamogine 25mg,,,,,images/2fbbcb9cd1f2.png,https://commons.wikimedia.org/wiki/File%3ALamogine_25mg.png,https://upload.wikimedia.org/wikipedia/commons/thumb/f/f3/Lamogine_25mg.png/1280px-Lamogine_25mg.png,CC0,"<a href=""//commons.wikimedia.org/w/index.php?title=User:Mystrixo&amp;action=edit&amp;redlink=1"" class=""new"" title=""User:Mystrixo (page does not exist)"">Mystrixo</a>",Real packaging/photo file from Wikimedia Commons; medication identity and Yemen registration require local verification.
307,Yemen / global medicines,Lamotrigina.genérico.100mG,,,,,images/41e4fe8fc86f.jpg,https://commons.wikimedia.org/wiki/File%3ALamotrigina.gen%C3%A9rico.100mG.jpg,https://upload.wikimedia.org/wikipedia/commons/d/d3/Lamotrigina.gen%C3%A9rico.100mG.jpg,CC BY-SA 4.0,"<a href=""//commons.wikimedia.org/w/index.php?title=User:Danyllo_Saade&amp;action=edit&amp;redlink=1"" class=""new"" title=""User:Danyllo Saade (page does not exist)"">Danyllo Saade</a>",Real packaging/photo file from Wikimedia Commons; medication identity and Yemen registration require local verification.
308,Yemen / global medicines,Largactil Chlorpromazine 30ml 4%,,,,,images/614692e223fd.jpg,https://commons.wikimedia.org/wiki/File%3ALargactil_Chlorpromazine_30ml_4%25.jpg,https://upload.wikimedia.org/wikipedia/commons/thumb/e/e9/Largactil_Chlorpromazine_30ml_4%25.jpg/1280px-Largactil_Chlorpromazine_30ml_4%25.jpg,CC BY-SA 4.0,"<a href=""//commons.wikimedia.org/w/index.php?title=User:Mystrixo&amp;action=edit&amp;redlink=1"" class=""new"" title=""User:Mystrixo (page does not exist)"">Mystrixo</a>",Real packaging/photo file from Wikimedia Commons; medication identity and Yemen registration require local verification.
309,Yemen / global medicines,Latanoprost,,,,,images/c4cfcea71940.jpg,https://commons.wikimedia.org/wiki/File%3ALatanoprost.jpg,https://upload.wikimedia.org/wikipedia/commons/thumb/d/d0/Latanoprost.jpg/1280px-Latanoprost.jpg,CC BY-SA 4.0,"<a href=""//commons.wikimedia.org/wiki/User:%E3%83%A1%E3%83%AB%E3%83%93%E3%83%AB"" title=""User:メルビル"">melvil</a>",Real packaging/photo file from Wikimedia Commons; medication identity and Yemen registration require local verification.
310,Yemen / global medicines,Laudanum,,,,,images/5db8095d9da5.jpg,https://commons.wikimedia.org/wiki/File%3ALaudanum.jpeg,https://upload.wikimedia.org/wikipedia/commons/thumb/1/1b/Laudanum.jpeg/1280px-Laudanum.jpeg,Public domain,"<a href=""https://en.wikipedia.org/wiki/user:Djm55"" class=""extiw"" title=""en:user:Djm55"">Djm55</a>",Real packaging/photo file from Wikimedia Commons; medication identity and Yemen registration require local verification.
311,Yemen / global medicines,Lebens-Elixier TATAR,,,,,images/20f55b3ca86e.jpg,https://commons.wikimedia.org/wiki/File%3ALebens-Elixier_TATAR.jpg,https://upload.wikimedia.org/wikipedia/commons/e/ef/Lebens-Elixier_TATAR.jpg,CC BY-SA 4.0,"<a href=""//commons.wikimedia.org/w/index.php?title=User:HoSoBeyer&amp;action=edit&amp;redlink=1"" class=""new"" title=""User:HoSoBeyer (page does not exist)"">HoSoBeyer</a>",Real packaging/photo file from Wikimedia Commons; medication identity and Yemen registration require local verification.
312,Yemen / global medicines,Lebrikizumab,,,,,images/dfb2bafd1217.jpg,https://commons.wikimedia.org/wiki/File%3ALebrikizumab.jpg,https://upload.wikimedia.org/wikipedia/commons/2/26/Lebrikizumab.jpg,CC0,"<a href=""//commons.wikimedia.org/wiki/User:Hanabishi"" title=""User:Hanabishi"">Hanabishi</a>",Real packaging/photo file from Wikimedia Commons; medication identity and Yemen registration require local verification.
313,Yemen / global medicines,Leo-Pillen,,,,,images/4e715349d019.jpg,https://commons.wikimedia.org/wiki/File%3ALeo-Pillen.jpg,https://upload.wikimedia.org/wikipedia/commons/0/00/Leo-Pillen.jpg,CC BY-SA 3.0,"<a href=""//commons.wikimedia.org/w/index.php?title=User:MGeek&amp;action=edit&amp;redlink=1"" class=""new"" title=""User:MGeek (page does not exist)"">MGeek</a>",Real packaging/photo file from Wikimedia Commons; medication identity and Yemen registration require local verification.
314,Yemen / global medicines,Leponex 100 mg,,,,,images/8b533f94ac1a.jpg,https://commons.wikimedia.org/wiki/File%3ALeponex_100_mg.jpg,https://upload.wikimedia.org/wikipedia/commons/thumb/f/f3/Leponex_100_mg.jpg/1280px-Leponex_100_mg.jpg,CC BY-SA 4.0,"<a href=""//commons.wikimedia.org/w/index.php?title=User:Elia5&amp;action=edit&amp;redlink=1"" class=""new"" title=""User:Elia5 (page does not exist)"">Elia5</a>",Real packaging/photo file from Wikimedia Commons; medication identity and Yemen registration require local verification.
315,Yemen / global medicines,Leqvio,,,,,images/276a7ad846ef.jpg,https://commons.wikimedia.org/wiki/File%3ALeqvio.jpg,https://upload.wikimedia.org/wikipedia/commons/thumb/7/77/Leqvio.jpg/1280px-Leqvio.jpg,CC0,"<a href=""//commons.wikimedia.org/wiki/User:ALPR"" title=""User:ALPR"">ALPR</a>",Real packaging/photo file from Wikimedia Commons; medication identity and Yemen registration require local verification.
316,Yemen / global medicines,Letrox,,,,,images/b30d572722ac.jpg,https://commons.wikimedia.org/wiki/File%3ALetrox.jpg,https://upload.wikimedia.org/wikipedia/commons/thumb/7/78/Letrox.jpg/1280px-Letrox.jpg,CC BY 4.0,"<a href=""//commons.wikimedia.org/w/index.php?title=User:Mvejr&amp;action=edit&amp;redlink=1"" class=""new"" title=""User:Mvejr (page does not exist)"">Mvejr</a>",Real packaging/photo file from Wikimedia Commons; medication identity and Yemen registration require local verification.
317,Yemen / global medicines,Levocetirizine,,,,,images/2b49cac6cc9e.png,https://commons.wikimedia.org/wiki/File%3ALevocetirizine.png,https://upload.wikimedia.org/wikipedia/commons/thumb/e/e1/Levocetirizine.png/1280px-Levocetirizine.png,CC BY-SA 3.0,"<a href=""//commons.wikimedia.org/wiki/User:Pdreijnders"" title=""User:Pdreijnders"">Pdreijnders</a>",Real packaging/photo file from Wikimedia Commons; medication identity and Yemen registration require local verification.
318,Yemen / global medicines,Levopront levodropropizine5,,,,,images/04d43f3d75cd.jpg,https://commons.wikimedia.org/wiki/File%3ALevopront_levodropropizine5.jpg,https://upload.wikimedia.org/wikipedia/commons/thumb/a/a4/Levopront_levodropropizine5.jpg/1280px-Levopront_levodropropizine5.jpg,CC BY-SA 4.0,,Real packaging/photo file from Wikimedia Commons; medication identity and Yemen registration require local verification.
319,Yemen / global medicines,Levozin,,,,,images/9ec1994bafc3.jpg,https://commons.wikimedia.org/wiki/File%3ALevozin.JPG,https://upload.wikimedia.org/wikipedia/commons/thumb/9/9f/Levozin.JPG/1280px-Levozin.JPG,CC BY-SA 3.0,"<a href=""//commons.wikimedia.org/wiki/User:ZngZng"" title=""User:ZngZng"">ZngZng</a>",Real packaging/photo file from Wikimedia Commons; medication identity and Yemen registration require local verification.
320,Yemen / global medicines,Lihasrelaksantteja,,,,,images/fb16c88ecbbe.jpg,https://commons.wikimedia.org/wiki/File%3ALihasrelaksantteja.JPG,https://upload.wikimedia.org/wikipedia/commons/thumb/6/60/Lihasrelaksantteja.JPG/1280px-Lihasrelaksantteja.JPG,CC BY-SA 3.0,"<a href=""//commons.wikimedia.org/wiki/User:ZngZng"" title=""User:ZngZng"">ZngZng</a>",Real packaging/photo file from Wikimedia Commons; medication identity and Yemen registration require local verification.
321,Yemen / global medicines,Liquigen edit,,,,,images/7b1f2807703d.jpg,https://commons.wikimedia.org/wiki/File%3ALiquigen_edit.jpg,https://upload.wikimedia.org/wikipedia/commons/thumb/e/ea/Liquigen_edit.jpg/1280px-Liquigen_edit.jpg,Public domain,"<ul><li><a href=""//commons.wikimedia.org/wiki/File:Liquigen.jpg"" title=""File:Liquigen.jpg"">Liquigen.jpg</a>: <a href=""//commons.wikimedia.org/wiki/User:Colin"" title=""User:Colin"">Colin</a></li>
<li>derivative work:  <a href=""https://en.wikipedia.org/wiki/User:Fvasconcellos"" class=""extiw"" title=""en:User:Fvasconcellos"">Fvasconcellos</a></li></ul>",Real packaging/photo file from Wikimedia Commons; medication identity and Yemen registration require local verification.
322,Yemen / global medicines,Liquigen,,,,,images/2eb670f91052.jpg,https://commons.wikimedia.org/wiki/File%3ALiquigen.jpg,https://upload.wikimedia.org/wikipedia/commons/thumb/9/95/Liquigen.jpg/1280px-Liquigen.jpg,Public domain,"<a href=""//commons.wikimedia.org/wiki/User:Colin"" title=""User:Colin"">Colin</a>",Real packaging/photo file from Wikimedia Commons; medication identity and Yemen registration require local verification.
323,Yemen / global medicines,LOPRA,,,,,images/0958d6af5c10.jpg,https://commons.wikimedia.org/wiki/File%3ALOPRA.jpg,https://upload.wikimedia.org/wikipedia/commons/thumb/6/6e/LOPRA.jpg/1280px-LOPRA.jpg,CC BY-SA 4.0,"<a href=""//commons.wikimedia.org/w/index.php?title=User:KRaikkonen01&amp;action=edit&amp;redlink=1"" class=""new"" title=""User:KRaikkonen01 (page does not exist)"">KRaikkonen01</a>",Real packaging/photo file from Wikimedia Commons; medication identity and Yemen registration require local verification.
324,Yemen / global medicines,Lorazepam Orion,,,,,images/d1f3f2d8bfd2.jpg,https://commons.wikimedia.org/wiki/File%3ALorazepam_Orion.jpg,https://upload.wikimedia.org/wikipedia/commons/thumb/f/fd/Lorazepam_Orion.jpg/1280px-Lorazepam_Orion.jpg,CC0,"<a href=""//commons.wikimedia.org/w/index.php?title=User:Anton0987654321&amp;action=edit&amp;redlink=1"" class=""new"" title=""User:Anton0987654321 (page does not exist)"">Anton0987654321</a>",Real packaging/photo file from Wikimedia Commons; medication identity and Yemen registration require local verification.
325,Yemen / global medicines,LorenzoOil,,,,,images/195dfd68a7a6.png,https://commons.wikimedia.org/wiki/File%3ALorenzoOil.png,https://upload.wikimedia.org/wikipedia/commons/c/c7/LorenzoOil.png,Public domain,"<a href=""//commons.wikimedia.org/wiki/User:GarciaGerry"" title=""User:GarciaGerry"">GarciaGerry</a>",Real packaging/photo file from Wikimedia Commons; medication identity and Yemen registration require local verification.
326,Yemen / global medicines,Losartan potassium1,,,,,images/af44c19f2dcd.jpg,https://commons.wikimedia.org/wiki/File%3ALosartan_potassium1.jpg,https://upload.wikimedia.org/wikipedia/commons/thumb/b/b3/Losartan_potassium1.jpg/1280px-Losartan_potassium1.jpg,CC BY-SA 4.0,,Real packaging/photo file from Wikimedia Commons; medication identity and Yemen registration require local verification.
327,Yemen / global medicines,Loxapine,,,,,images/d85cc1dafea9.jpg,https://commons.wikimedia.org/wiki/File%3ALoxapine.jpg,https://upload.wikimedia.org/wikipedia/commons/thumb/c/ce/Loxapine.jpg/1280px-Loxapine.jpg,CC BY-SA 4.0,"<a href=""//commons.wikimedia.org/w/index.php?title=User:Biochemistry%26Love&amp;action=edit&amp;redlink=1"" class=""new"" title=""User:Biochemistry&amp;Love (page does not exist)"">Biochemistry&amp;Love</a>",Real packaging/photo file from Wikimedia Commons; medication identity and Yemen registration require local verification.
328,Yemen / global medicines,LSD-clinical-trial-bottle,,,,,images/ec88caef2320.jpg,https://commons.wikimedia.org/wiki/File%3ALSD-clinical-trial-bottle.jpg,https://upload.wikimedia.org/wikipedia/commons/9/92/LSD-clinical-trial-bottle.jpg,CC0,Multidisciplinary Association for Psychedelic Studies,Real packaging/photo file from Wikimedia Commons; medication identity and Yemen registration require local verification.
329,Yemen / global medicines,Lutefix Pro,,,,,images/49485dddfcf2.jpg,https://commons.wikimedia.org/wiki/File%3ALutefix_Pro.jpg,https://upload.wikimedia.org/wikipedia/commons/thumb/2/21/Lutefix_Pro.jpg/1280px-Lutefix_Pro.jpg,CC BY-SA 4.0,"<a href=""//commons.wikimedia.org/w/index.php?title=User:Sandalpans05&amp;action=edit&amp;redlink=1"" class=""new"" title=""User:Sandalpans05 (page does not exist)"">Sandalpans05</a>",Real packaging/photo file from Wikimedia Commons; medication identity and Yemen registration require local verification.
330,Yemen / global medicines,Lyrica 300mg Australia,,,,,images/fcc66ac1e4f7.jpg,https://commons.wikimedia.org/wiki/File%3ALyrica_300mg_Australia.tif,https://upload.wikimedia.org/wikipedia/commons/thumb/c/c8/Lyrica_300mg_Australia.tif/lossless-page1-1280px-Lyrica_300mg_Australia.tif.png,CC BY-SA 4.0,"<a href=""//commons.wikimedia.org/w/index.php?title=User:Fr0sty_%24ummer&amp;action=edit&amp;redlink=1"" class=""new"" title=""User:Fr0sty $ummer (page does not exist)"">Fr0sty $ummer</a>",Real packaging/photo file from Wikimedia Commons; medication identity and Yemen registration require local verification.
331,Yemen / global medicines,Maaloxx New package,,,,,images/330190b00f3e.jpg,https://commons.wikimedia.org/wiki/File%3AMaaloxx_New_package.JPG,https://upload.wikimedia.org/wikipedia/commons/thumb/f/f7/Maaloxx_New_package.JPG/1280px-Maaloxx_New_package.JPG,CC BY-SA 4.0,"<a href=""//commons.wikimedia.org/w/index.php?title=User:Fenerli1978&amp;action=edit&amp;redlink=1"" class=""new"" title=""User:Fenerli1978 (page does not exist)"">Fenerli1978</a>",Real packaging/photo file from Wikimedia Commons; medication identity and Yemen registration require local verification.
332,Yemen / global medicines,Maaloxx Old Package,,,,,images/50cb5a163807.jpg,https://commons.wikimedia.org/wiki/File%3AMaaloxx_Old_Package.JPG,https://upload.wikimedia.org/wikipedia/commons/thumb/2/26/Maaloxx_Old_Package.JPG/1280px-Maaloxx_Old_Package.JPG,CC BY-SA 4.0,"<a href=""//commons.wikimedia.org/w/index.php?title=User:Fenerli1978&amp;action=edit&amp;redlink=1"" class=""new"" title=""User:Fenerli1978 (page does not exist)"">Fenerli1978</a>",Real packaging/photo file from Wikimedia Commons; medication identity and Yemen registration require local verification.
333,Yemen / global medicines,Malarone,,,,,images/fd0479b75c61.jpg,https://commons.wikimedia.org/wiki/File%3AMalarone.jpg,https://upload.wikimedia.org/wikipedia/commons/thumb/e/e8/Malarone.jpg/1280px-Malarone.jpg,CC0,"<a href=""//commons.wikimedia.org/w/index.php?title=User:Kakucha3&amp;action=edit&amp;redlink=1"" class=""new"" title=""User:Kakucha3 (page does not exist)"">Kakucha3</a>",Real packaging/photo file from Wikimedia Commons; medication identity and Yemen registration require local verification.
334,Yemen / global medicines,Marcoumar package Austria,,,,,images/534a5ce2fc21.jpg,https://commons.wikimedia.org/wiki/File%3AMarcoumar_package_Austria.JPG,https://upload.wikimedia.org/wikipedia/commons/thumb/8/87/Marcoumar_package_Austria.JPG/1280px-Marcoumar_package_Austria.JPG,CC0,"<a href=""//commons.wikimedia.org/wiki/User:Anypodetos"" title=""User:Anypodetos"">Anypodetos</a>",Real packaging/photo file from Wikimedia Commons; medication identity and Yemen registration require local verification.
335,Yemen / global medicines,Marzine,,,,,images/778b1dba208f.jpg,https://commons.wikimedia.org/wiki/File%3AMarzine.JPG,https://upload.wikimedia.org/wikipedia/commons/thumb/e/eb/Marzine.JPG/1280px-Marzine.JPG,CC BY-SA 3.0,"<a href=""//commons.wikimedia.org/wiki/User:ZngZng"" title=""User:ZngZng"">ZngZng</a>",Real packaging/photo file from Wikimedia Commons; medication identity and Yemen registration require local verification.
336,Yemen / global medicines,Masc,,,,,images/8779cf69ec96.jpg,https://commons.wikimedia.org/wiki/File%3AMasc.JPG,https://upload.wikimedia.org/wikipedia/commons/b/b2/Masc.JPG,CC BY 3.0,"<a href=""//commons.wikimedia.org/wiki/User:Milenas"" title=""User:Milenas"">Milenas</a>",Real packaging/photo file from Wikimedia Commons; medication identity and Yemen registration require local verification.
337,Yemen / global medicines,Masztika Chios Masticha Tere,,,,,images/81902e5d79f5.jpg,https://commons.wikimedia.org/wiki/File%3AMasztika_Chios_Masticha_Tere.jpg,https://upload.wikimedia.org/wikipedia/commons/thumb/d/d0/Masztika_Chios_Masticha_Tere.jpg/1280px-Masztika_Chios_Masticha_Tere.jpg,CC BY-SA 4.0,"<a href=""//commons.wikimedia.org/w/index.php?title=User:NickKatraris&amp;action=edit&amp;redlink=1"" class=""new"" title=""User:NickKatraris (page does not exist)"">NickKatraris</a>",Real packaging/photo file from Wikimedia Commons; medication identity and Yemen registration require local verification.
338,Yemen / global medicines,Maxiquine,,,,,images/3c4144448f9c.jpg,https://commons.wikimedia.org/wiki/File%3AMaxiquine.jpg,https://upload.wikimedia.org/wikipedia/commons/thumb/a/a7/Maxiquine.jpg/1280px-Maxiquine.jpg,CC0,"<a href=""//commons.wikimedia.org/wiki/User:Bamjos"" title=""User:Bamjos"">Bamjos</a>",Real packaging/photo file from Wikimedia Commons; medication identity and Yemen registration require local verification.
339,Yemen / global medicines,Mebendazole liquid,,,,,images/33681d40e6c4.jpg,https://commons.wikimedia.org/wiki/File%3AMebendazole_liquid.jpg,https://upload.wikimedia.org/wikipedia/commons/4/4d/Mebendazole_liquid.jpg,CC BY-SA 4.0,"<a href=""//commons.wikimedia.org/wiki/User:Whispyhistory"" title=""User:Whispyhistory"">Whispyhistory</a>",Real packaging/photo file from Wikimedia Commons; medication identity and Yemen registration require local verification.
340,Yemen / global medicines,Mebendazole tablets in UK,,,,,images/8b3ecf497f5c.jpg,https://commons.wikimedia.org/wiki/File%3AMebendazole_tablets_in_UK.jpg,https://upload.wikimedia.org/wikipedia/commons/7/7a/Mebendazole_tablets_in_UK.jpg,CC BY-SA 4.0,"<a href=""//commons.wikimedia.org/wiki/User:Whispyhistory"" title=""User:Whispyhistory"">Whispyhistory</a>",Real packaging/photo file from Wikimedia Commons; medication identity and Yemen registration require local verification.
341,Yemen / global medicines,Mebendazole tablets,,,,,images/fc1c56d2860f.jpg,https://commons.wikimedia.org/wiki/File%3AMebendazole_tablets.jpg,https://upload.wikimedia.org/wikipedia/commons/b/bb/Mebendazole_tablets.jpg,CC BY-SA 4.0,"<a href=""//commons.wikimedia.org/wiki/User:Whispyhistory"" title=""User:Whispyhistory"">Whispyhistory</a>",Real packaging/photo file from Wikimedia Commons; medication identity and Yemen registration require local verification.
342,Yemen / global medicines,Mebeverine Chlorhydrate LP BEKER 200mg,,,,,images/1edae584a7e0.jpg,https://commons.wikimedia.org/wiki/File%3AMebeverine_Chlorhydrate_LP_BEKER_200mg.jpg,https://upload.wikimedia.org/wikipedia/commons/1/16/Mebeverine_Chlorhydrate_LP_BEKER_200mg.jpg,CC0,"<a href=""//commons.wikimedia.org/w/index.php?title=User:Mystrixo&amp;action=edit&amp;redlink=1"" class=""new"" title=""User:Mystrixo (page does not exist)"">Mystrixo</a>",Real packaging/photo file from Wikimedia Commons; medication identity and Yemen registration require local verification.
343,Yemen / global medicines,Mediator-1981-1,,,,,images/9aafb5fa4c15.jpg,https://commons.wikimedia.org/wiki/File%3AMediator-1981-1.jpg,https://upload.wikimedia.org/wikipedia/commons/thumb/f/ff/Mediator-1981-1.jpg/1280px-Mediator-1981-1.jpg,CC BY-SA 4.0,"<a href=""//commons.wikimedia.org/wiki/User:Gwen4435"" title=""User:Gwen4435"">Gwen4435</a>",Real packaging/photo file from Wikimedia Commons; medication identity and Yemen registration require local verification.
344,Yemen / global medicines,Mediator-1981-2,,,,,images/a22a3353b532.jpg,https://commons.wikimedia.org/wiki/File%3AMediator-1981-2.jpg,https://upload.wikimedia.org/wikipedia/commons/thumb/f/f7/Mediator-1981-2.jpg/1280px-Mediator-1981-2.jpg,CC BY-SA 4.0,"<a href=""//commons.wikimedia.org/wiki/User:Gwen4435"" title=""User:Gwen4435"">Gwen4435</a>",Real packaging/photo file from Wikimedia Commons; medication identity and Yemen registration require local verification.
345,Yemen / global medicines,Mediator-1981-3,,,,,images/961cb0e74ae8.jpg,https://commons.wikimedia.org/wiki/File%3AMediator-1981-3.jpg,https://upload.wikimedia.org/wikipedia/commons/thumb/3/36/Mediator-1981-3.jpg/1280px-Mediator-1981-3.jpg,CC BY-SA 4.0,"<a href=""//commons.wikimedia.org/wiki/User:Gwen4435"" title=""User:Gwen4435"">Gwen4435</a>",Real packaging/photo file from Wikimedia Commons; medication identity and Yemen registration require local verification.
346,Yemen / global medicines,Medicamento contra las Cuartanas,,,,,images/bdb2985a3ba4.jpg,https://commons.wikimedia.org/wiki/File%3AMedicamento_contra_las_Cuartanas.JPG,https://upload.wikimedia.org/wikipedia/commons/d/d7/Medicamento_contra_las_Cuartanas.JPG,CC BY-SA 3.0,"<a href=""//commons.wikimedia.org/w/index.php?title=User:Fedekuki&amp;action=edit&amp;redlink=1"" class=""new"" title=""User:Fedekuki (page does not exist)"">Fedekuki</a>",Real packaging/photo file from Wikimedia Commons; medication identity and Yemen registration require local verification.
347,Yemen / global medicines,Medicamentos - PUC,,,,,images/3195f2ec5c39.jpg,https://commons.wikimedia.org/wiki/File%3AMedicamentos_-_PUC.jpg,https://upload.wikimedia.org/wikipedia/commons/thumb/2/25/Medicamentos_-_PUC.jpg/1280px-Medicamentos_-_PUC.jpg,CC BY-SA 2.0,"<a rel=""nofollow"" class=""external text"" href=""https://www.flickr.com/people/26946475@N08"">Pontificia Universidad Católica de Chile</a> from Santiago, Chile",Real packaging/photo file from Wikimedia Commons; medication identity and Yemen registration require local verification.
348,Yemen / global medicines,Medicamentos,,,,,images/1ac25f0783d2.png,https://commons.wikimedia.org/wiki/File%3AMedicamentos.png,https://upload.wikimedia.org/wikipedia/commons/f/f7/Medicamentos.png,CC0,"<a href=""//commons.wikimedia.org/w/index.php?title=User:MARUL89&amp;action=edit&amp;redlink=1"" class=""new"" title=""User:MARUL89 (page does not exist)"">MARUL89</a>",Real packaging/photo file from Wikimedia Commons; medication identity and Yemen registration require local verification.
349,Yemen / global medicines,Medicationlevodopa,,,,,images/4279b25680e0.jpg,https://commons.wikimedia.org/wiki/File%3AMedicationlevodopa.jpg,https://upload.wikimedia.org/wikipedia/commons/2/2c/Medicationlevodopa.jpg,CC BY-SA 4.0,"<a href=""//commons.wikimedia.org/w/index.php?title=User:Revion101&amp;action=edit&amp;redlink=1"" class=""new"" title=""User:Revion101 (page does not exist)"">Revion101</a>",Real packaging/photo file from Wikimedia Commons; medication identity and Yemen registration require local verification.
350,Yemen / global medicines,Mediciner (Small),,,,,images/d8fe047159a0.jpg,https://commons.wikimedia.org/wiki/File%3AMediciner_%28Small%29.jpg,https://upload.wikimedia.org/wikipedia/commons/1/10/Mediciner_%28Small%29.jpg,CC BY 3.0,"<a href=""//commons.wikimedia.org/w/index.php?title=User:Jmak&amp;action=edit&amp;redlink=1"" class=""new"" title=""User:Jmak (page does not exist)"">Jmak</a>",Real packaging/photo file from Wikimedia Commons; medication identity and Yemen registration require local verification.
351,Yemen / global medicines,Medicines for nutrition (13920566665),,,,,images/6112d9fb98ed.jpg,https://commons.wikimedia.org/wiki/File%3AMedicines_for_nutrition_%2813920566665%29.jpg,https://upload.wikimedia.org/wikipedia/commons/thumb/2/23/Medicines_for_nutrition_%2813920566665%29.jpg/1280px-Medicines_for_nutrition_%2813920566665%29.jpg,CC BY-SA 2.0,"<a rel=""nofollow"" class=""external text"" href=""https://www.flickr.com/people/16935515@N00"">Julien Harneis</a> from Sana'a, Yemen",Real packaging/photo file from Wikimedia Commons; medication identity and Yemen registration require local verification.
352,Yemen / global medicines,Medikament2 hg,,,,,images/549368b06045.jpg,https://commons.wikimedia.org/wiki/File%3AMedikament2_hg.jpg,https://upload.wikimedia.org/wikipedia/commons/thumb/0/08/Medikament2_hg.jpg/1280px-Medikament2_hg.jpg,CC BY-SA 4.0,"<a href=""//commons.wikimedia.org/wiki/User:Hgrobe"" title=""User:Hgrobe"">Hannes Grobe</a>",Real packaging/photo file from Wikimedia Commons; medication identity and Yemen registration require local verification.
353,Yemen / global medicines,Medikamente-1950 hg,,,,,images/876f7bca4cc8.jpg,https://commons.wikimedia.org/wiki/File%3AMedikamente-1950_hg.jpg,https://upload.wikimedia.org/wikipedia/commons/thumb/9/9c/Medikamente-1950_hg.jpg/1280px-Medikamente-1950_hg.jpg,CC BY-SA 4.0,"<a href=""//commons.wikimedia.org/wiki/User:Hgrobe"" title=""User:Hgrobe"">Hannes Grobe</a>",Real packaging/photo file from Wikimedia Commons; medication identity and Yemen registration require local verification.
354,Yemen / global medicines,Medikamente1950 hg,,,,,images/84d27f65cf74.jpg,https://commons.wikimedia.org/wiki/File%3AMedikamente1950_hg.jpg,https://upload.wikimedia.org/wikipedia/commons/thumb/1/18/Medikamente1950_hg.jpg/1280px-Medikamente1950_hg.jpg,CC BY-SA 4.0,"<a href=""//commons.wikimedia.org/wiki/User:Hgrobe"" title=""User:Hgrobe"">Hgrobe</a>",Real packaging/photo file from Wikimedia Commons; medication identity and Yemen registration require local verification.
355,Yemen / global medicines,Medikamentenverpackung mit PZN,,,,,images/30ecd07394b3.jpg,https://commons.wikimedia.org/wiki/File%3AMedikamentenverpackung_mit_PZN.jpg,https://upload.wikimedia.org/wikipedia/commons/a/ac/Medikamentenverpackung_mit_PZN.jpg,CC BY-SA 4.0,Maren Stieglitz,Real packaging/photo file from Wikimedia Commons; medication identity and Yemen registration require local verification.
356,Yemen / global medicines,Medpride Hydrocortisone Cream1,,,,,images/2d1b4d90e900.jpg,https://commons.wikimedia.org/wiki/File%3AMedpride_Hydrocortisone_Cream1.jpg,https://upload.wikimedia.org/wikipedia/commons/thumb/6/6a/Medpride_Hydrocortisone_Cream1.jpg/1280px-Medpride_Hydrocortisone_Cream1.jpg,CC BY-SA 4.0,,Real packaging/photo file from Wikimedia Commons; medication identity and Yemen registration require local verification.
357,Yemen / global medicines,"Medrol, 32 mG methylprednisolone tablets by Pfizer which are made in Romania",,,,,images/7ec822b0e11c.jpg,https://commons.wikimedia.org/wiki/File%3AMedrol%2C_32_mG_methylprednisolone_tablets_by_Pfizer_which_are_made_in_Romania.jpg,https://upload.wikimedia.org/wikipedia/commons/c/c5/Medrol%2C_32_mG_methylprednisolone_tablets_by_Pfizer_which_are_made_in_Romania.jpg,Public domain,Smart Buy,Real packaging/photo file from Wikimedia Commons; medication identity and Yemen registration require local verification.
358,Yemen / global medicines,Meitar Collection (997008136729205171),,,,,images/a67ec6315eed.jpg,https://commons.wikimedia.org/wiki/File%3AMeitar_Collection_%28997008136729205171%29.jpg,https://upload.wikimedia.org/wikipedia/commons/thumb/1/1b/Meitar_Collection_%28997008136729205171%29.jpg/1280px-Meitar_Collection_%28997008136729205171%29.jpg,CC BY 4.0,"<bdi><a href=""https://en.wikipedia.org/wiki/en:Beno_Rothenberg"" class=""extiw"" title=""w:en:Beno Rothenberg""><span title=""Israeli archaeologist and photographer"">Benno Rothenberg</span></a></bdi>",Real packaging/photo file from Wikimedia Commons; medication identity and Yemen registration require local verification.
359,Yemen / global medicines,Meitar Collection (997008136729305171),,,,,images/a1c240a1d1f2.jpg,https://commons.wikimedia.org/wiki/File%3AMeitar_Collection_%28997008136729305171%29.jpg,https://upload.wikimedia.org/wikipedia/commons/thumb/a/ae/Meitar_Collection_%28997008136729305171%29.jpg/1280px-Meitar_Collection_%28997008136729305171%29.jpg,CC BY 4.0,"<bdi><a href=""https://en.wikipedia.org/wiki/en:Beno_Rothenberg"" class=""extiw"" title=""w:en:Beno Rothenberg""><span title=""Israeli archaeologist and photographer"">Benno Rothenberg</span></a></bdi>",Real packaging/photo file from Wikimedia Commons; medication identity and Yemen registration require local verification.
360,Yemen / global medicines,Merbromin-Anti-Infective,,,,,images/3c37fd3d9e34.jpg,https://commons.wikimedia.org/wiki/File%3AMerbromin-Anti-Infective.jpg,https://upload.wikimedia.org/wikipedia/commons/0/0d/Merbromin-Anti-Infective.jpg,CC BY-SA 2.5,,Real packaging/photo file from Wikimedia Commons; medication identity and Yemen registration require local verification.
361,Yemen / global medicines,Mercromina Bottle,,,,,images/68ad209ed7d7.jpg,https://commons.wikimedia.org/wiki/File%3AMercromina_Bottle.jpg,https://upload.wikimedia.org/wikipedia/commons/7/77/Mercromina_Bottle.jpg,CC BY-SA 3.0,"<a href=""//commons.wikimedia.org/w/index.php?title=User:AlexViladot&amp;action=edit&amp;redlink=1"" class=""new"" title=""User:AlexViladot (page does not exist)"">AlexViladot</a>",Real packaging/photo file from Wikimedia Commons; medication identity and Yemen registration require local verification.
362,Yemen / global medicines,Mercromina package,,,,,images/dd0a9cd5e649.jpg,https://commons.wikimedia.org/wiki/File%3AMercromina_package.jpg,https://upload.wikimedia.org/wikipedia/commons/8/8b/Mercromina_package.jpg,CC BY-SA 3.0,"<a href=""//commons.wikimedia.org/w/index.php?title=User:AlexViladot&amp;action=edit&amp;redlink=1"" class=""new"" title=""User:AlexViladot (page does not exist)"">AlexViladot</a>",Real packaging/photo file from Wikimedia Commons; medication identity and Yemen registration require local verification.
363,Yemen / global medicines,Methotrexat Ebewe 10 mg tbl,,,,,images/7955ed7be047.jpg,https://commons.wikimedia.org/wiki/File%3AMethotrexat_Ebewe_10_mg_tbl.jpg,https://upload.wikimedia.org/wikipedia/commons/thumb/3/3a/Methotrexat_Ebewe_10_mg_tbl.jpg/1280px-Methotrexat_Ebewe_10_mg_tbl.jpg,CC BY-SA 4.0,"<a href=""//commons.wikimedia.org/w/index.php?title=User:Tomino_de_WS&amp;action=edit&amp;redlink=1"" class=""new"" title=""User:Tomino de WS (page does not exist)"">Tomino de WS</a>",Real packaging/photo file from Wikimedia Commons; medication identity and Yemen registration require local verification.
364,Yemen / global medicines,Methylphenidat generics germany,,,,,images/0b7e0e597338.jpg,https://commons.wikimedia.org/wiki/File%3AMethylphenidat_generics_germany.jpg,https://upload.wikimedia.org/wikipedia/commons/thumb/0/00/Methylphenidat_generics_germany.jpg/1280px-Methylphenidat_generics_germany.jpg,Public domain,"<a href=""//commons.wikimedia.org/wiki/User:Alcibiades"" title=""User:Alcibiades"">Alcibiades</a>",Real packaging/photo file from Wikimedia Commons; medication identity and Yemen registration require local verification.
365,Yemen / global medicines,Methylphenidat medikinet,,,,,images/5cef94f19be4.jpg,https://commons.wikimedia.org/wiki/File%3AMethylphenidat_medikinet.jpg,https://upload.wikimedia.org/wikipedia/commons/5/58/Methylphenidat_medikinet.jpg,CC BY-SA 3.0,,Real packaging/photo file from Wikimedia Commons; medication identity and Yemen registration require local verification.
366,Yemen / global medicines,Methylprednisolone vial,,,,,images/0a0ae0f42a19.jpg,https://commons.wikimedia.org/wiki/File%3AMethylprednisolone_vial.jpg,https://upload.wikimedia.org/wikipedia/commons/thumb/6/61/Methylprednisolone_vial.jpg/1280px-Methylprednisolone_vial.jpg,CC BY 3.0,"<a href=""//commons.wikimedia.org/wiki/User:Intropin"" title=""User:Intropin"">Intropin</a>",Real packaging/photo file from Wikimedia Commons; medication identity and Yemen registration require local verification.
367,Yemen / global medicines,Metronidazole,,,,,images/192d4b15139c.jpg,https://commons.wikimedia.org/wiki/File%3AMetronidazole.jpg,https://upload.wikimedia.org/wikipedia/commons/thumb/4/4b/Metronidazole.jpg/1280px-Metronidazole.jpg,CC BY 2.0,digitaleducation,Real packaging/photo file from Wikimedia Commons; medication identity and Yemen registration require local verification.
368,Yemen / global medicines,Microgen Intestibacteriophage,,,,,images/77106ebadd2f.jpg,https://commons.wikimedia.org/wiki/File%3AMicrogen_Intestibacteriophage.jpg,https://upload.wikimedia.org/wikipedia/commons/9/95/Microgen_Intestibacteriophage.jpg,CC BY-SA 4.0,"<a href=""//commons.wikimedia.org/w/index.php?title=User:Oasisllc&amp;action=edit&amp;redlink=1"" class=""new"" title=""User:Oasisllc (page does not exist)"">Oasisllc</a>",Real packaging/photo file from Wikimedia Commons; medication identity and Yemen registration require local verification.
369,Yemen / global medicines,Miles Nervine Effervescent Tablets,,,,,images/6f14706d644f.jpg,https://commons.wikimedia.org/wiki/File%3AMiles_Nervine_Effervescent_Tablets.jpg,https://upload.wikimedia.org/wikipedia/commons/thumb/3/33/Miles_Nervine_Effervescent_Tablets.jpg/1280px-Miles_Nervine_Effervescent_Tablets.jpg,CC BY 4.0,Richard W. Pollay,Real packaging/photo file from Wikimedia Commons; medication identity and Yemen registration require local verification.
370,Yemen / global medicines,Milgamma inject,,,,,images/1112b628e9e0.png,https://commons.wikimedia.org/wiki/File%3AMilgamma_inject.png,https://upload.wikimedia.org/wikipedia/commons/c/cb/Milgamma_inject.png,CC BY-SA 4.0,"<a href=""//commons.wikimedia.org/w/index.php?title=User:Lirusik&amp;action=edit&amp;redlink=1"" class=""new"" title=""User:Lirusik (page does not exist)"">Lirusik</a>",Real packaging/photo file from Wikimedia Commons; medication identity and Yemen registration require local verification.
371,Yemen / global medicines,Milurit 300 mg tbl,,,,,images/58376a70f159.jpg,https://commons.wikimedia.org/wiki/File%3AMilurit_300_mg_tbl.jpg,https://upload.wikimedia.org/wikipedia/commons/thumb/1/1f/Milurit_300_mg_tbl.jpg/1280px-Milurit_300_mg_tbl.jpg,CC BY-SA 4.0,"<a href=""//commons.wikimedia.org/w/index.php?title=User:Tomino_de_WS&amp;action=edit&amp;redlink=1"" class=""new"" title=""User:Tomino de WS (page does not exist)"">Tomino de WS</a>",Real packaging/photo file from Wikimedia Commons; medication identity and Yemen registration require local verification.
372,Yemen / global medicines,Mirtazapine,,,,,images/5e0d5c0c789e.jpg,https://commons.wikimedia.org/wiki/File%3AMirtazapine.jpg,https://upload.wikimedia.org/wikipedia/commons/thumb/9/94/Mirtazapine.jpg/1280px-Mirtazapine.jpg,CC BY-SA 4.0,"<a href=""//commons.wikimedia.org/w/index.php?title=User:SilverBullet_X&amp;action=edit&amp;redlink=1"" class=""new"" title=""User:SilverBullet X (page does not exist)"">SilverBullet X</a>",Real packaging/photo file from Wikimedia Commons; medication identity and Yemen registration require local verification.
373,Yemen / global medicines,Mirtazepine,,,,,images/8db7c385912f.jpg,https://commons.wikimedia.org/wiki/File%3AMirtazepine.jpg,https://upload.wikimedia.org/wikipedia/commons/thumb/b/bb/Mirtazepine.jpg/1280px-Mirtazepine.jpg,CC BY-SA 4.0,"<a href=""//commons.wikimedia.org/w/index.php?title=User:Mlan&amp;action=edit&amp;redlink=1"" class=""new"" title=""User:Mlan (page does not exist)"">Mlan</a>",Real packaging/photo file from Wikimedia Commons; medication identity and Yemen registration require local verification.
374,Yemen / global medicines,Modafinil-generic-aspendos,,,,,images/0630518fdb1a.jpg,https://commons.wikimedia.org/wiki/File%3AModafinil-generic-aspendos.jpg,https://upload.wikimedia.org/wikipedia/commons/e/e9/Modafinil-generic-aspendos.jpg,CC BY-SA 4.0,"<a href=""//commons.wikimedia.org/wiki/User:Maxim_Masiutin"" title=""User:Maxim Masiutin"">Maxim Masiutin</a>",Real packaging/photo file from Wikimedia Commons; medication identity and Yemen registration require local verification.
375,Yemen / global medicines,Momate,,,,,images/670c31d30329.jpg,https://commons.wikimedia.org/wiki/File%3AMomate.jpg,https://upload.wikimedia.org/wikipedia/commons/0/0f/Momate.jpg,CC BY-SA 3.0,"<a href=""https://en.wikipedia.org/wiki/User:Kristoferb"" class=""extiw"" title=""en:User:Kristoferb"">Kristoferb</a> (<a href=""https://en.wikipedia.org/wiki/User_talk:Kristoferb"" class=""extiw"" title=""en:User talk:Kristoferb"">talk</a>) / <a href=""https://en.wikipedia.org/wiki/User:Kristoferb"" class=""extiw"" title=""wikipedia:User:Kristoferb"">Kristoferb</a> at <a href=""https://en.wikipedia.org/wiki/"" class=""extiw"" title=""wikipedia:"">English Wikipedia</a>",Real packaging/photo file from Wikimedia Commons; medication identity and Yemen registration require local verification.
376,Yemen / global medicines,Morphin 1% 1 ml amp,,,,,images/ff4819529d32.jpg,https://commons.wikimedia.org/wiki/File%3AMorphin_1%25_1_ml_amp.jpg,https://upload.wikimedia.org/wikipedia/commons/thumb/8/88/Morphin_1%25_1_ml_amp.jpg/1280px-Morphin_1%25_1_ml_amp.jpg,CC BY-SA 4.0,Pavel Dušek,Real packaging/photo file from Wikimedia Commons; medication identity and Yemen registration require local verification.
377,Yemen / global medicines,Morphium-syringe,,,,,images/ff33a79c3d75.jpg,https://commons.wikimedia.org/wiki/File%3AMorphium-syringe.jpg,https://upload.wikimedia.org/wikipedia/commons/thumb/c/c9/Morphium-syringe.jpg/1280px-Morphium-syringe.jpg,CC BY-SA 4.0,"<a href=""//commons.wikimedia.org/wiki/User:Hgrobe"" title=""User:Hgrobe"">Hannes Grobe</a>",Real packaging/photo file from Wikimedia Commons; medication identity and Yemen registration require local verification.
378,Yemen / global medicines,Morphium2-syringe,,,,,images/4ad71276941f.jpg,https://commons.wikimedia.org/wiki/File%3AMorphium2-syringe.jpg,https://upload.wikimedia.org/wikipedia/commons/thumb/5/5e/Morphium2-syringe.jpg/1280px-Morphium2-syringe.jpg,CC BY-SA 4.0,"<a href=""//commons.wikimedia.org/wiki/User:Hgrobe"" title=""User:Hgrobe"">Hannes Grobe</a>",Real packaging/photo file from Wikimedia Commons; medication identity and Yemen registration require local verification.
379,Yemen / global medicines,Motiron Ritalin 1,,,,,images/35c75f63c1b5.jpg,https://commons.wikimedia.org/wiki/File%3AMotiron_Ritalin_1.JPG,https://upload.wikimedia.org/wikipedia/commons/thumb/3/3d/Motiron_Ritalin_1.JPG/1280px-Motiron_Ritalin_1.JPG,Public domain,"Kim Futtrup Petersen / <a href=""https://da.wikipedia.org/wiki/User:WinterSilence"" class=""extiw"" title=""da:User:WinterSilence"">WinterSilence</a> at <a class=""external text"" data-mw-original-href=""http://da.wikipedia.org"" href=""https://da.wikipedia.org"">da.wikipedia</a>",Real packaging/photo file from Wikimedia Commons; medication identity and Yemen registration require local verification.
380,Yemen / global medicines,Myozyme,,,,,images/0ab71ccf6a51.jpg,https://commons.wikimedia.org/wiki/File%3AMyozyme.jpg,https://upload.wikimedia.org/wikipedia/commons/a/af/Myozyme.jpg,Public domain,genzyme,Real packaging/photo file from Wikimedia Commons; medication identity and Yemen registration require local verification.
381,Yemen / global medicines,N3-Tamsulosin,,,,,images/4b972869d985.jpg,https://commons.wikimedia.org/wiki/File%3AN3-Tamsulosin.jpg,https://upload.wikimedia.org/wikipedia/commons/thumb/0/05/N3-Tamsulosin.jpg/1280px-N3-Tamsulosin.jpg,CC BY-SA 4.0,"<a href=""//commons.wikimedia.org/wiki/User:J%C3%BC"" title=""User:Jü"">Jü</a>",Real packaging/photo file from Wikimedia Commons; medication identity and Yemen registration require local verification.
382,Yemen / global medicines,Naldebain pack shots,,,,,images/702be130d4c1.jpg,https://commons.wikimedia.org/wiki/File%3ANaldebain_pack_shots.jpg,https://upload.wikimedia.org/wikipedia/commons/thumb/5/5e/Naldebain_pack_shots.jpg/1280px-Naldebain_pack_shots.jpg,CC BY-SA 4.0,"<a href=""//commons.wikimedia.org/w/index.php?title=User:LT6535&amp;action=edit&amp;redlink=1"" class=""new"" title=""User:LT6535 (page does not exist)"">LT6535</a>",Real packaging/photo file from Wikimedia Commons; medication identity and Yemen registration require local verification.
383,Yemen / global medicines,Naltrexone Hydrochloride,,,,,images/75b4d0e6b9c6.jpg,https://commons.wikimedia.org/wiki/File%3ANaltrexone_Hydrochloride.jpg,https://upload.wikimedia.org/wikipedia/commons/thumb/c/cf/Naltrexone_Hydrochloride.jpg/1280px-Naltrexone_Hydrochloride.jpg,CC BY-SA 3.0,"<a href=""//commons.wikimedia.org/w/index.php?title=User:Mahamaya1&amp;action=edit&amp;redlink=1"" class=""new"" title=""User:Mahamaya1 (page does not exist)"">Mahamaya1</a>",Real packaging/photo file from Wikimedia Commons; medication identity and Yemen registration require local verification.
384,Yemen / global medicines,NEO-K (Potassium Supplement),,,,,images/f9a0d2c01f6d.jpg,https://commons.wikimedia.org/wiki/File%3ANEO-K_%28Potassium_Supplement%29.JPG,https://upload.wikimedia.org/wikipedia/commons/thumb/0/06/NEO-K_%28Potassium_Supplement%29.JPG/1280px-NEO-K_%28Potassium_Supplement%29.JPG,CC0,"<a href=""//commons.wikimedia.org/wiki/User:Miansari66"" title=""User:Miansari66"">Miansari66</a>",Real packaging/photo file from Wikimedia Commons; medication identity and Yemen registration require local verification.
385,Yemen / global medicines,Nesina Sales In China,,,,,images/57737f1a8b9c.jpg,https://commons.wikimedia.org/wiki/File%3ANesina_Sales_In_China.jpg,https://upload.wikimedia.org/wikipedia/commons/thumb/c/cb/Nesina_Sales_In_China.jpg/1280px-Nesina_Sales_In_China.jpg,CC BY-SA 4.0,"<a href=""//commons.wikimedia.org/wiki/User:Skirtick"" title=""User:Skirtick"">Skirtick</a>",Real packaging/photo file from Wikimedia Commons; medication identity and Yemen registration require local verification.
386,Yemen / global medicines,Neuleptil 125ml,,,,,images/c8fa7e395944.jpg,https://commons.wikimedia.org/wiki/File%3ANeuleptil_125ml.jpg,https://upload.wikimedia.org/wikipedia/commons/thumb/0/06/Neuleptil_125ml.jpg/1280px-Neuleptil_125ml.jpg,CC BY 4.0,"<a href=""//commons.wikimedia.org/w/index.php?title=User:Issuial&amp;action=edit&amp;redlink=1"" class=""new"" title=""User:Issuial (page does not exist)"">Issuial</a>",Real packaging/photo file from Wikimedia Commons; medication identity and Yemen registration require local verification.
387,Yemen / global medicines,NFA.19823,,,,,images/e5ef99987fe0.jpg,https://commons.wikimedia.org/wiki/File%3ANFA.19823.jpg,https://upload.wikimedia.org/wikipedia/commons/thumb/1/1d/NFA.19823.jpg/1280px-NFA.19823.jpg,CC BY-SA 4.0,Foto: Anne-Lise Reinsfelt / Norsk Farmasihistorisk Museum,Real packaging/photo file from Wikimedia Commons; medication identity and Yemen registration require local verification.
388,Yemen / global medicines,"Nitromint-0,4",,,,,images/d351c4167d91.jpg,https://commons.wikimedia.org/wiki/File%3ANitromint-0%2C4.jpg,https://upload.wikimedia.org/wikipedia/commons/thumb/0/0c/Nitromint-0%2C4.jpg/1280px-Nitromint-0%2C4.jpg,CC BY-SA 4.0,"<a href=""//commons.wikimedia.org/wiki/User:Wesalius"" title=""User:Wesalius"">Wesalius</a>",Real packaging/photo file from Wikimedia Commons; medication identity and Yemen registration require local verification.
389,Yemen / global medicines,Nizoral,,,,,images/8321d14bc97d.jpg,https://commons.wikimedia.org/wiki/File%3ANizoral.jpg,https://upload.wikimedia.org/wikipedia/commons/thumb/2/2c/Nizoral.jpg/1280px-Nizoral.jpg,Public domain,"<a href=""https://en.wikipedia.org/wiki/User:Editor182"" class=""extiw"" title=""en:User:Editor182"">Editor182</a> (<a href=""https://en.wikipedia.org/wiki/User_talk:Editor182"" class=""extiw"" title=""en:User talk:Editor182"">talk</a>)",Real packaging/photo file from Wikimedia Commons; medication identity and Yemen registration require local verification.
390,Yemen / global medicines,Norvasc Amlodipine,,,,,images/22bb3bc529a1.jpg,https://commons.wikimedia.org/wiki/File%3ANorvasc_Amlodipine.jpg,https://upload.wikimedia.org/wikipedia/commons/thumb/9/96/Norvasc_Amlodipine.jpg/1280px-Norvasc_Amlodipine.jpg,CC BY-SA 4.0,"<a href=""//commons.wikimedia.org/w/index.php?title=User:Kimivanil&amp;action=edit&amp;redlink=1"" class=""new"" title=""User:Kimivanil (page does not exist)"">Kimivanil</a>",Real packaging/photo file from Wikimedia Commons; medication identity and Yemen registration require local verification.
391,Yemen / global medicines,NTM 16723 nyegaard & co globoid machine oslo 1938 IMG 0914,,,,,images/a2ad0f0a3b42.jpg,https://commons.wikimedia.org/wiki/File%3ANTM_16723_nyegaard_%26_co_globoid_machine_oslo_1938_IMG_0914.JPG,https://upload.wikimedia.org/wikipedia/commons/thumb/a/a1/NTM_16723_nyegaard_%26_co_globoid_machine_oslo_1938_IMG_0914.JPG/1280px-NTM_16723_nyegaard_%26_co_globoid_machine_oslo_1938_IMG_0914.JPG,CC BY-SA 4.0,"<a href=""//commons.wikimedia.org/wiki/User:Bjoertvedt"" title=""User:Bjoertvedt"">Bjoertvedt</a>",Real packaging/photo file from Wikimedia Commons; medication identity and Yemen registration require local verification.
392,Yemen / global medicines,NTM 16723 nyegaard & co globoid machine oslo 1938 IMG 0915,,,,,images/2d2c67feff56.jpg,https://commons.wikimedia.org/wiki/File%3ANTM_16723_nyegaard_%26_co_globoid_machine_oslo_1938_IMG_0915.JPG,https://upload.wikimedia.org/wikipedia/commons/thumb/7/7e/NTM_16723_nyegaard_%26_co_globoid_machine_oslo_1938_IMG_0915.JPG/1280px-NTM_16723_nyegaard_%26_co_globoid_machine_oslo_1938_IMG_0915.JPG,CC BY-SA 4.0,"<a href=""//commons.wikimedia.org/wiki/User:Bjoertvedt"" title=""User:Bjoertvedt"">Bjoertvedt</a>",Real packaging/photo file from Wikimedia Commons; medication identity and Yemen registration require local verification.
393,Yemen / global medicines,Nycomed Globoid machine 1937 IMG 7499,,,,,images/ddd0e83a89d3.jpg,https://commons.wikimedia.org/wiki/File%3ANycomed_Globoid_machine_1937_IMG_7499.JPG,https://upload.wikimedia.org/wikipedia/commons/thumb/b/b2/Nycomed_Globoid_machine_1937_IMG_7499.JPG/1280px-Nycomed_Globoid_machine_1937_IMG_7499.JPG,CC BY-SA 4.0,"<a href=""//commons.wikimedia.org/wiki/User:Bjoertvedt"" title=""User:Bjoertvedt"">Bjoertvedt</a>",Real packaging/photo file from Wikimedia Commons; medication identity and Yemen registration require local verification.
394,Yemen / global medicines,Nycomed Globoid machine 1937 IMG 7500,,,,,images/b8cd1930932b.jpg,https://commons.wikimedia.org/wiki/File%3ANycomed_Globoid_machine_1937_IMG_7500.JPG,https://upload.wikimedia.org/wikipedia/commons/thumb/1/19/Nycomed_Globoid_machine_1937_IMG_7500.JPG/1280px-Nycomed_Globoid_machine_1937_IMG_7500.JPG,CC BY-SA 4.0,"<a href=""//commons.wikimedia.org/wiki/User:Bjoertvedt"" title=""User:Bjoertvedt"">Bjoertvedt</a>",Real packaging/photo file from Wikimedia Commons; medication identity and Yemen registration require local verification.
395,Yemen / global medicines,Nycomed Globoid machine 1937 IMG 7501,,,,,images/0ace2b9f7f5d.jpg,https://commons.wikimedia.org/wiki/File%3ANycomed_Globoid_machine_1937_IMG_7501.JPG,https://upload.wikimedia.org/wikipedia/commons/thumb/7/76/Nycomed_Globoid_machine_1937_IMG_7501.JPG/1280px-Nycomed_Globoid_machine_1937_IMG_7501.JPG,CC BY-SA 4.0,"<a href=""//commons.wikimedia.org/wiki/User:Bjoertvedt"" title=""User:Bjoertvedt"">Bjoertvedt</a>",Real packaging/photo file from Wikimedia Commons; medication identity and Yemen registration require local verification.
396,Yemen / global medicines,Nycomed Globoid machine 1937 IMG 7502,,,,,images/723576180ecd.jpg,https://commons.wikimedia.org/wiki/File%3ANycomed_Globoid_machine_1937_IMG_7502.JPG,https://upload.wikimedia.org/wikipedia/commons/thumb/9/94/Nycomed_Globoid_machine_1937_IMG_7502.JPG/1280px-Nycomed_Globoid_machine_1937_IMG_7502.JPG,CC BY-SA 4.0,"<a href=""//commons.wikimedia.org/wiki/User:Bjoertvedt"" title=""User:Bjoertvedt"">Bjoertvedt</a>",Real packaging/photo file from Wikimedia Commons; medication identity and Yemen registration require local verification.
397,Yemen / global medicines,Nycomed Globoid machine 1937 IMG 7503,,,,,images/f785c0b29c49.jpg,https://commons.wikimedia.org/wiki/File%3ANycomed_Globoid_machine_1937_IMG_7503.JPG,https://upload.wikimedia.org/wikipedia/commons/thumb/1/1d/Nycomed_Globoid_machine_1937_IMG_7503.JPG/1280px-Nycomed_Globoid_machine_1937_IMG_7503.JPG,CC BY-SA 4.0,"<a href=""//commons.wikimedia.org/wiki/User:Bjoertvedt"" title=""User:Bjoertvedt"">Bjoertvedt</a>",Real packaging/photo file from Wikimedia Commons; medication identity and Yemen registration require local verification.
398,Yemen / global medicines,Obat Balsem Geliga,,,,,images/8edb868d32d9.jpg,https://commons.wikimedia.org/wiki/File%3AObat_Balsem_Geliga.jpg,https://upload.wikimedia.org/wikipedia/commons/thumb/0/0b/Obat_Balsem_Geliga.jpg/1280px-Obat_Balsem_Geliga.jpg,CC BY-SA 4.0,"<a href=""//commons.wikimedia.org/w/index.php?title=User:SATELIT_BM&amp;action=edit&amp;redlink=1"" class=""new"" title=""User:SATELIT BM (page does not exist)"">SATELIT BM</a>",Real packaging/photo file from Wikimedia Commons; medication identity and Yemen registration require local verification.
399,Yemen / global medicines,Obat Batuk Dan Flu Sirup OBH Combi,,,,,images/ee16945c931f.jpg,https://commons.wikimedia.org/wiki/File%3AObat_Batuk_Dan_Flu_Sirup_OBH_Combi.jpg,https://upload.wikimedia.org/wikipedia/commons/thumb/5/5e/Obat_Batuk_Dan_Flu_Sirup_OBH_Combi.jpg/1280px-Obat_Batuk_Dan_Flu_Sirup_OBH_Combi.jpg,CC BY-SA 4.0,"<a href=""//commons.wikimedia.org/w/index.php?title=User:SATELIT_BM&amp;action=edit&amp;redlink=1"" class=""new"" title=""User:SATELIT BM (page does not exist)"">SATELIT BM</a>",Real packaging/photo file from Wikimedia Commons; medication identity and Yemen registration require local verification.
400,Yemen / global medicines,Obat Batuk Dan Flu Sirup Siladex,,,,,images/10db27243c24.jpg,https://commons.wikimedia.org/wiki/File%3AObat_Batuk_Dan_Flu_Sirup_Siladex.jpg,https://upload.wikimedia.org/wikipedia/commons/thumb/2/26/Obat_Batuk_Dan_Flu_Sirup_Siladex.jpg/1280px-Obat_Batuk_Dan_Flu_Sirup_Siladex.jpg,CC BY-SA 4.0,"<a href=""//commons.wikimedia.org/w/index.php?title=User:SATELIT_BM&amp;action=edit&amp;redlink=1"" class=""new"" title=""User:SATELIT BM (page does not exist)"">SATELIT BM</a>",Real packaging/photo file from Wikimedia Commons; medication identity and Yemen registration require local verification.
401,Yemen / global medicines,Obat Gosok Cap Kapak,,,,,images/5830bbdd81b4.jpg,https://commons.wikimedia.org/wiki/File%3AObat_Gosok_Cap_Kapak.jpg,https://upload.wikimedia.org/wikipedia/commons/thumb/d/d2/Obat_Gosok_Cap_Kapak.jpg/1280px-Obat_Gosok_Cap_Kapak.jpg,CC BY-SA 4.0,"<a href=""//commons.wikimedia.org/w/index.php?title=User:SATELIT_BM&amp;action=edit&amp;redlink=1"" class=""new"" title=""User:SATELIT BM (page does not exist)"">SATELIT BM</a>",Real packaging/photo file from Wikimedia Commons; medication identity and Yemen registration require local verification.
402,Yemen / global medicines,Obat Minyak Angin Cap Kapak 2,,,,,images/46eb989614f5.jpg,https://commons.wikimedia.org/wiki/File%3AObat_Minyak_Angin_Cap_Kapak_2.jpg,https://upload.wikimedia.org/wikipedia/commons/thumb/f/f7/Obat_Minyak_Angin_Cap_Kapak_2.jpg/1280px-Obat_Minyak_Angin_Cap_Kapak_2.jpg,CC BY-SA 4.0,"<a href=""//commons.wikimedia.org/w/index.php?title=User:SATELIT_BM&amp;action=edit&amp;redlink=1"" class=""new"" title=""User:SATELIT BM (page does not exist)"">SATELIT BM</a>",Real packaging/photo file from Wikimedia Commons; medication identity and Yemen registration require local verification.
403,Yemen / global medicines,Oberzeiring - Tabakmuseum - Gleichenberger Asthma-Zigaretten - Packung von vorne,,,,,images/f7acc8efbfc0.jpg,https://commons.wikimedia.org/wiki/File%3AOberzeiring_-_Tabakmuseum_-_Gleichenberger_Asthma-Zigaretten_-_Packung_von_vorne.jpg,https://upload.wikimedia.org/wikipedia/commons/thumb/f/fa/Oberzeiring_-_Tabakmuseum_-_Gleichenberger_Asthma-Zigaretten_-_Packung_von_vorne.jpg/1280px-Oberzeiring_-_Tabakmuseum_-_Gleichenberger_Asthma-Zigaretten_-_Packung_von_vorne.jpg,CC BY-SA 3.0 at,"<a href=""//commons.wikimedia.org/wiki/User:Haeferl"" title=""User:Haeferl"">Haeferl</a>",Real packaging/photo file from Wikimedia Commons; medication identity and Yemen registration require local verification.
404,Yemen / global medicines,Oberzeiring - Tabakmuseum - Gleichenberger Asthma-Zigaretten - Packungsrückseite,,,,,images/a9d42261b0ea.jpg,https://commons.wikimedia.org/wiki/File%3AOberzeiring_-_Tabakmuseum_-_Gleichenberger_Asthma-Zigaretten_-_Packungsr%C3%BCckseite.jpg,https://upload.wikimedia.org/wikipedia/commons/thumb/1/1d/Oberzeiring_-_Tabakmuseum_-_Gleichenberger_Asthma-Zigaretten_-_Packungsr%C3%BCckseite.jpg/1280px-Oberzeiring_-_Tabakmuseum_-_Gleichenberger_Asthma-Zigaretten_-_Packungsr%C3%BCckseite.jpg,CC BY-SA 3.0 at,"<a href=""//commons.wikimedia.org/wiki/User:Haeferl"" title=""User:Haeferl"">Haeferl</a>",Real packaging/photo file from Wikimedia Commons; medication identity and Yemen registration require local verification.
405,Yemen / global medicines,Ocsaar Ocsaar Plus,,,,,images/aec37a8d05a3.jpg,https://commons.wikimedia.org/wiki/File%3AOcsaar_Ocsaar_Plus.jpg,https://upload.wikimedia.org/wikipedia/commons/thumb/5/52/Ocsaar_Ocsaar_Plus.jpg/1280px-Ocsaar_Ocsaar_Plus.jpg,CC BY-SA 4.0,"<a href=""//commons.wikimedia.org/w/index.php?title=User:Kimivanil&amp;action=edit&amp;redlink=1"" class=""new"" title=""User:Kimivanil (page does not exist)"">Kimivanil</a>",Real packaging/photo file from Wikimedia Commons; medication identity and Yemen registration require local verification.
406,Yemen / global medicines,Old bottle of Mentholatum,,,,,images/9e93198c45ab.jpg,https://commons.wikimedia.org/wiki/File%3AOld_bottle_of_Mentholatum.JPG,https://upload.wikimedia.org/wikipedia/commons/4/46/Old_bottle_of_Mentholatum.JPG,CC BY-SA 3.0,"- <font face=""Georgia""><a href=""https://en.wikipedia.org/wiki/User:Angel_caboodle"" class=""extiw"" title=""en:User:Angel caboodle""><font color=""#FF4500"">k|e|n|g</font></a> - <a href=""https://en.wikipedia.org/wiki/User_talk:Angel_caboodle"" class=""extiw"" title=""en:User talk:Angel caboodle""><font color=""silver"">t</font></a> | <a href=""https://en.wikipedia.org/wiki/Special:Contributions/Angel_caboodle"" class=""extiw"" title=""en:Special:Contributions/Angel caboodle""><font color=""silver"">c</font></a></font> -",Real packaging/photo file from Wikimedia Commons; medication identity and Yemen registration require local verification.
407,Yemen / global medicines,Olumiant medication 4mg Canada,,,,,images/4c31f412ac3b.jpg,https://commons.wikimedia.org/wiki/File%3AOlumiant_medication_4mg_Canada.jpg,https://upload.wikimedia.org/wikipedia/commons/thumb/2/2c/Olumiant_medication_4mg_Canada.jpg/1280px-Olumiant_medication_4mg_Canada.jpg,CC BY-SA 4.0,"<a href=""//commons.wikimedia.org/wiki/User:Safyrr"" title=""User:Safyrr"">Safyrr</a>",Real packaging/photo file from Wikimedia Commons; medication identity and Yemen registration require local verification.
408,Yemen / global medicines,"One of two cartons of slimming pills, by Savory and Moore Lt Wellcome L0059080",,,,,images/2931ba405874.jpg,https://commons.wikimedia.org/wiki/File%3AOne_of_two_cartons_of_slimming_pills%2C_by_Savory_and_Moore_Lt_Wellcome_L0059080.jpg,https://upload.wikimedia.org/wikipedia/commons/thumb/f/f9/One_of_two_cartons_of_slimming_pills%2C_by_Savory_and_Moore_Lt_Wellcome_L0059080.jpg/1280px-One_of_two_cartons_of_slimming_pills%2C_by_Savory_and_Moore_Lt_Wellcome_L0059080.jpg,CC BY 4.0,,Real packaging/photo file from Wikimedia Commons; medication identity and Yemen registration require local verification.
409,Yemen / global medicines,Orbax,,,,,images/ae147eb47f26.jpg,https://commons.wikimedia.org/wiki/File%3AOrbax.jpg,https://upload.wikimedia.org/wikipedia/commons/thumb/a/a9/Orbax.jpg/1280px-Orbax.jpg,CC BY-SA 4.0,"<a href=""//commons.wikimedia.org/wiki/User:Bruxton"" title=""User:Bruxton"">Bruxton</a>",Real packaging/photo file from Wikimedia Commons; medication identity and Yemen registration require local verification.
410,Yemen / global medicines,Ortanol 20 mg cps,,,,,images/377cb3998e3b.jpg,https://commons.wikimedia.org/wiki/File%3AOrtanol_20_mg_cps.jpg,https://upload.wikimedia.org/wikipedia/commons/thumb/6/68/Ortanol_20_mg_cps.jpg/1280px-Ortanol_20_mg_cps.jpg,CC BY-SA 4.0,"<a href=""//commons.wikimedia.org/w/index.php?title=User:Tomino_de_WS&amp;action=edit&amp;redlink=1"" class=""new"" title=""User:Tomino de WS (page does not exist)"">Tomino de WS</a>",Real packaging/photo file from Wikimedia Commons; medication identity and Yemen registration require local verification.
411,Yemen / global medicines,"Orzepam Lorazepam 2,5mg",,,,,images/a3dccfb7a341.jpg,https://commons.wikimedia.org/wiki/File%3AOrzepam_Lorazepam_2%2C5mg.jpg,https://upload.wikimedia.org/wikipedia/commons/thumb/2/27/Orzepam_Lorazepam_2%2C5mg.jpg/1280px-Orzepam_Lorazepam_2%2C5mg.jpg,CC BY-SA 4.0,"<a href=""//commons.wikimedia.org/w/index.php?title=User:Mystrixo&amp;action=edit&amp;redlink=1"" class=""new"" title=""User:Mystrixo (page does not exist)"">Mystrixo</a>",Real packaging/photo file from Wikimedia Commons; medication identity and Yemen registration require local verification.
412,Yemen / global medicines,Oseltamivir,,,,,images/0429f0ddc0f4.jpg,https://commons.wikimedia.org/wiki/File%3AOseltamivir.jpg,https://upload.wikimedia.org/wikipedia/commons/thumb/9/96/Oseltamivir.jpg/1280px-Oseltamivir.jpg,CC BY-SA 3.0,"<a href=""//commons.wikimedia.org/w/index.php?title=User:Stefankroon&amp;action=edit&amp;redlink=1"" class=""new"" title=""User:Stefankroon (page does not exist)"">Stefankroon</a>",Real packaging/photo file from Wikimedia Commons; medication identity and Yemen registration require local verification.
413,Yemen / global medicines,Ospen,,,,,images/155efe74f8e7.jpg,https://commons.wikimedia.org/wiki/File%3AOspen.jpg,https://upload.wikimedia.org/wikipedia/commons/thumb/c/cd/Ospen.jpg/1280px-Ospen.jpg,CC BY 4.0,"<a href=""//commons.wikimedia.org/w/index.php?title=User:Mvejr&amp;action=edit&amp;redlink=1"" class=""new"" title=""User:Mvejr (page does not exist)"">Mvejr</a>",Real packaging/photo file from Wikimedia Commons; medication identity and Yemen registration require local verification.
414,Yemen / global medicines,Ota medicinal powder for the stomach,,,,,images/80771bf8ea11.jpg,https://commons.wikimedia.org/wiki/File%3AOta_medicinal_powder_for_the_stomach.JPG,https://upload.wikimedia.org/wikipedia/commons/thumb/a/ae/Ota_medicinal_powder_for_the_stomach.JPG/1280px-Ota_medicinal_powder_for_the_stomach.JPG,Public domain,ジダネ,Real packaging/photo file from Wikimedia Commons; medication identity and Yemen registration require local verification.
415,Yemen / global medicines,OTC drugs,,,,,images/eb33d4ff7d24.jpg,https://commons.wikimedia.org/wiki/File%3AOTC_drugs.JPG,https://upload.wikimedia.org/wikipedia/commons/e/e1/OTC_drugs.JPG,CC BY-SA 3.0,"<a href=""https://en.wikipedia.org/wiki/he:User:%D7%93%D7%95%D7%93_%D7%A9%D7%99"" class=""extiw"" title=""w:he:User:דוד שי"">דוד שי</a> at <a href=""https://en.wikipedia.org/wiki/he:"" class=""extiw"" title=""w:he:"">Hebrew Wikipedia</a>",Real packaging/photo file from Wikimedia Commons; medication identity and Yemen registration require local verification.
416,Yemen / global medicines,Oxomémazine Mylan 0.33mg par ml,,,,,images/f69a281b9572.jpg,https://commons.wikimedia.org/wiki/File%3AOxom%C3%A9mazine_Mylan_0.33mg_par_ml.jpg,https://upload.wikimedia.org/wikipedia/commons/thumb/a/a4/Oxom%C3%A9mazine_Mylan_0.33mg_par_ml.jpg/1280px-Oxom%C3%A9mazine_Mylan_0.33mg_par_ml.jpg,CC0,"<a href=""//commons.wikimedia.org/wiki/User:Torfanomazine"" title=""User:Torfanomazine"">Torfanomazine</a>",Real packaging/photo file from Wikimedia Commons; medication identity and Yemen registration require local verification.
417,Yemen / global medicines,Package Dihydrocodeine Mundipharma 60 mg,,,,,images/0181602662fe.jpg,https://commons.wikimedia.org/wiki/File%3APackage_Dihydrocodeine_Mundipharma_60_mg.JPG,https://upload.wikimedia.org/wikipedia/commons/thumb/a/a6/Package_Dihydrocodeine_Mundipharma_60_mg.JPG/1280px-Package_Dihydrocodeine_Mundipharma_60_mg.JPG,CC0,"<a href=""//commons.wikimedia.org/wiki/User:Stefan_Bellini"" title=""User:Stefan Bellini"">Stefan Bellini</a>",Real packaging/photo file from Wikimedia Commons; medication identity and Yemen registration require local verification.
418,Yemen / global medicines,Package Enbrel by Pfizer with PZN and Epedigree-6410,,,,,images/216c75692fa8.jpg,https://commons.wikimedia.org/wiki/File%3APackage_Enbrel_by_Pfizer_with_PZN_and_Epedigree-6410.jpg,https://upload.wikimedia.org/wikipedia/commons/thumb/c/c1/Package_Enbrel_by_Pfizer_with_PZN_and_Epedigree-6410.jpg/1280px-Package_Enbrel_by_Pfizer_with_PZN_and_Epedigree-6410.jpg,CC BY-SA 4.0,"<bdi><a href=""https://www.wikidata.org/wiki/Q108103612"" class=""extiw"" title=""d:Q108103612""><span title=""Wikipedian and OpenStreetMap mapper from Cologne, Open Data activist"">Raimond Spekking</span></a></bdi>",Real packaging/photo file from Wikimedia Commons; medication identity and Yemen registration require local verification.
419,Yemen / global medicines,Package tracking barcode scanner,,,,,images/5b31572c891a.jpg,https://commons.wikimedia.org/wiki/File%3APackage_tracking_barcode_scanner.jpg,https://upload.wikimedia.org/wikipedia/commons/thumb/f/f8/Package_tracking_barcode_scanner.jpg/1280px-Package_tracking_barcode_scanner.jpg,CC BY-SA 2.0,IAEA,Real packaging/photo file from Wikimedia Commons; medication identity and Yemen registration require local verification.
420,Yemen / global medicines,Packaging for Marzine anti-nausea drug Wellcome L0037305,,,,,images/ac4032b7311a.jpg,https://commons.wikimedia.org/wiki/File%3APackaging_for_Marzine_anti-nausea_drug_Wellcome_L0037305.jpg,https://upload.wikimedia.org/wikipedia/commons/thumb/b/bf/Packaging_for_Marzine_anti-nausea_drug_Wellcome_L0037305.jpg/1280px-Packaging_for_Marzine_anti-nausea_drug_Wellcome_L0037305.jpg,CC BY 4.0,,Real packaging/photo file from Wikimedia Commons; medication identity and Yemen registration require local verification.
421,Yemen / global medicines,Packaging of Mildronate,,,,,images/08407f64ccb0.jpg,https://commons.wikimedia.org/wiki/File%3APackaging_of_Mildronate.jpg,https://upload.wikimedia.org/wikipedia/commons/thumb/3/33/Packaging_of_Mildronate.jpg/1280px-Packaging_of_Mildronate.jpg,CC BY-SA 3.0,"<a href=""//commons.wikimedia.org/w/index.php?title=User:Mk6aizsc&amp;action=edit&amp;redlink=1"" class=""new"" title=""User:Mk6aizsc (page does not exist)"">Mildronate</a>",Real packaging/photo file from Wikimedia Commons; medication identity and Yemen registration require local verification.
422,Yemen / global medicines,PackshottSportVisOK,,,,,images/aa9860a063ef.jpg,https://commons.wikimedia.org/wiki/File%3APackshottSportVisOK.jpg,https://upload.wikimedia.org/wikipedia/commons/thumb/d/d4/PackshottSportVisOK.jpg/1280px-PackshottSportVisOK.jpg,CC BY-SA 3.0,"<a href=""//commons.wikimedia.org/w/index.php?title=User:Mdtintsa&amp;action=edit&amp;redlink=1"" class=""new"" title=""User:Mdtintsa (page does not exist)"">Mdtintsa</a>",Real packaging/photo file from Wikimedia Commons; medication identity and Yemen registration require local verification.
423,Yemen / global medicines,Pain Relievers at Kroger,,,,,images/5340aa1ba171.jpg,https://commons.wikimedia.org/wiki/File%3APain_Relievers_at_Kroger.JPG,https://upload.wikimedia.org/wikipedia/commons/0/05/Pain_Relievers_at_Kroger.JPG,CC BY-SA 3.0,"<a href=""//commons.wikimedia.org/w/index.php?title=User:ParentingPatch&amp;action=edit&amp;redlink=1"" class=""new"" title=""User:ParentingPatch (page does not exist)"">ParentingPatch</a>",Real packaging/photo file from Wikimedia Commons; medication identity and Yemen registration require local verification.
424,Yemen / global medicines,Paklitaxel,,,,,images/0f296fe286c4.jpg,https://commons.wikimedia.org/wiki/File%3APaklitaxel.tif,https://upload.wikimedia.org/wikipedia/commons/thumb/0/0b/Paklitaxel.tif/lossless-page1-1280px-Paklitaxel.tif.png,CC BY-SA 4.0,"<a href=""//commons.wikimedia.org/w/index.php?title=User:Smhhda2&amp;action=edit&amp;redlink=1"" class=""new"" title=""User:Smhhda2 (page does not exist)"">Smhhda2</a>",Real packaging/photo file from Wikimedia Commons; medication identity and Yemen registration require local verification.
425,Yemen / global medicines,Palexia IR 50mg (Australia),,,,,images/2d05bee7c200.jpg,https://commons.wikimedia.org/wiki/File%3APalexia_IR_50mg_%28Australia%29.jpg,https://upload.wikimedia.org/wikipedia/commons/thumb/1/12/Palexia_IR_50mg_%28Australia%29.jpg/1280px-Palexia_IR_50mg_%28Australia%29.jpg,CC BY-SA 4.0,"<a href=""//commons.wikimedia.org/w/index.php?title=User:Pickles8&amp;action=edit&amp;redlink=1"" class=""new"" title=""User:Pickles8 (page does not exist)"">Pickles8</a>",Real packaging/photo file from Wikimedia Commons; medication identity and Yemen registration require local verification.
426,Yemen / global medicines,Palmnturn,,,,,images/402e448efd7a.jpg,https://commons.wikimedia.org/wiki/File%3APalmnturn.JPG,https://upload.wikimedia.org/wikipedia/commons/4/4b/Palmnturn.JPG,Public domain,"Unknown author<span style=""display: none;"">Unknown author</span>",Real packaging/photo file from Wikimedia Commons; medication identity and Yemen registration require local verification.
427,Yemen / global medicines,Panaritium RH (13),,,,,images/d6f05c0e5239.jpg,https://commons.wikimedia.org/wiki/File%3APanaritium_RH_%2813%29.jpg,https://upload.wikimedia.org/wikipedia/commons/thumb/8/84/Panaritium_RH_%2813%29.jpg/1280px-Panaritium_RH_%2813%29.jpg,CC BY-SA 3.0,"<a href=""//commons.wikimedia.org/wiki/User:Rob_Hille"" title=""User:Rob Hille"">Rob Hille</a>",Real packaging/photo file from Wikimedia Commons; medication identity and Yemen registration require local verification.
428,Yemen / global medicines,Paolo Monti - Servizio fotografico - BEIC 6343221,,,,,images/bdfa1cb3c947.jpg,https://commons.wikimedia.org/wiki/File%3APaolo_Monti_-_Servizio_fotografico_-_BEIC_6343221.jpg,https://upload.wikimedia.org/wikipedia/commons/0/01/Paolo_Monti_-_Servizio_fotografico_-_BEIC_6343221.jpg,CC BY-SA 4.0,"<bdi><a href=""https://en.wikipedia.org/wiki/en:Paolo_Monti"" class=""extiw"" title=""w:en:Paolo Monti""><span title=""Italian photographer (1908–1982)"">Paolo Monti</span></a></bdi>",Real packaging/photo file from Wikimedia Commons; medication identity and Yemen registration require local verification.
429,Yemen / global medicines,Paolo Monti - Servizio fotografico - BEIC 6343222,,,,,images/9dd9671820f2.jpg,https://commons.wikimedia.org/wiki/File%3APaolo_Monti_-_Servizio_fotografico_-_BEIC_6343222.jpg,https://upload.wikimedia.org/wikipedia/commons/e/eb/Paolo_Monti_-_Servizio_fotografico_-_BEIC_6343222.jpg,CC BY-SA 4.0,"<bdi><a href=""https://en.wikipedia.org/wiki/en:Paolo_Monti"" class=""extiw"" title=""w:en:Paolo Monti""><span title=""Italian photographer (1908–1982)"">Paolo Monti</span></a></bdi>",Real packaging/photo file from Wikimedia Commons; medication identity and Yemen registration require local verification.
430,Yemen / global medicines,Paolo Monti - Servizio fotografico - BEIC 6343223,,,,,images/e43378aeecd9.jpg,https://commons.wikimedia.org/wiki/File%3APaolo_Monti_-_Servizio_fotografico_-_BEIC_6343223.jpg,https://upload.wikimedia.org/wikipedia/commons/1/1c/Paolo_Monti_-_Servizio_fotografico_-_BEIC_6343223.jpg,CC BY-SA 4.0,"<bdi><a href=""https://en.wikipedia.org/wiki/en:Paolo_Monti"" class=""extiw"" title=""w:en:Paolo Monti""><span title=""Italian photographer (1908–1982)"">Paolo Monti</span></a></bdi>",Real packaging/photo file from Wikimedia Commons; medication identity and Yemen registration require local verification.
431,Yemen / global medicines,Paolo Monti - Servizio fotografico - BEIC 6343225,,,,,images/4b2b6b0a915e.jpg,https://commons.wikimedia.org/wiki/File%3APaolo_Monti_-_Servizio_fotografico_-_BEIC_6343225.jpg,https://upload.wikimedia.org/wikipedia/commons/6/6a/Paolo_Monti_-_Servizio_fotografico_-_BEIC_6343225.jpg,CC BY-SA 4.0,"<bdi><a href=""https://en.wikipedia.org/wiki/en:Paolo_Monti"" class=""extiw"" title=""w:en:Paolo Monti""><span title=""Italian photographer (1908–1982)"">Paolo Monti</span></a></bdi>",Real packaging/photo file from Wikimedia Commons; medication identity and Yemen registration require local verification.
432,Yemen / global medicines,Paolo Monti - Servizio fotografico - BEIC 6343226,,,,,images/a2f367c51717.jpg,https://commons.wikimedia.org/wiki/File%3APaolo_Monti_-_Servizio_fotografico_-_BEIC_6343226.jpg,https://upload.wikimedia.org/wikipedia/commons/5/52/Paolo_Monti_-_Servizio_fotografico_-_BEIC_6343226.jpg,CC BY-SA 4.0,"<bdi><a href=""https://en.wikipedia.org/wiki/en:Paolo_Monti"" class=""extiw"" title=""w:en:Paolo Monti""><span title=""Italian photographer (1908–1982)"">Paolo Monti</span></a></bdi>",Real packaging/photo file from Wikimedia Commons; medication identity and Yemen registration require local verification.
433,Yemen / global medicines,Paolo Monti - Servizio fotografico - BEIC 6343227,,,,,images/586ff0d517f8.jpg,https://commons.wikimedia.org/wiki/File%3APaolo_Monti_-_Servizio_fotografico_-_BEIC_6343227.jpg,https://upload.wikimedia.org/wikipedia/commons/b/b1/Paolo_Monti_-_Servizio_fotografico_-_BEIC_6343227.jpg,CC BY-SA 4.0,"<bdi><a href=""https://en.wikipedia.org/wiki/en:Paolo_Monti"" class=""extiw"" title=""w:en:Paolo Monti""><span title=""Italian photographer (1908–1982)"">Paolo Monti</span></a></bdi>",Real packaging/photo file from Wikimedia Commons; medication identity and Yemen registration require local verification.
434,Yemen / global medicines,Paolo Monti - Servizio fotografico - BEIC 6343228,,,,,images/14e88ba98fe5.jpg,https://commons.wikimedia.org/wiki/File%3APaolo_Monti_-_Servizio_fotografico_-_BEIC_6343228.jpg,https://upload.wikimedia.org/wikipedia/commons/4/49/Paolo_Monti_-_Servizio_fotografico_-_BEIC_6343228.jpg,CC BY-SA 4.0,"<bdi><a href=""https://en.wikipedia.org/wiki/en:Paolo_Monti"" class=""extiw"" title=""w:en:Paolo Monti""><span title=""Italian photographer (1908–1982)"">Paolo Monti</span></a></bdi>",Real packaging/photo file from Wikimedia Commons; medication identity and Yemen registration require local verification.
435,Yemen / global medicines,Paolo Monti - Servizio fotografico - BEIC 6343229,,,,,images/9a9a69865094.jpg,https://commons.wikimedia.org/wiki/File%3APaolo_Monti_-_Servizio_fotografico_-_BEIC_6343229.jpg,https://upload.wikimedia.org/wikipedia/commons/a/ad/Paolo_Monti_-_Servizio_fotografico_-_BEIC_6343229.jpg,CC BY-SA 4.0,"<bdi><a href=""https://en.wikipedia.org/wiki/en:Paolo_Monti"" class=""extiw"" title=""w:en:Paolo Monti""><span title=""Italian photographer (1908–1982)"">Paolo Monti</span></a></bdi>",Real packaging/photo file from Wikimedia Commons; medication identity and Yemen registration require local verification.
436,Yemen / global medicines,Paolo Monti - Servizio fotografico - BEIC 6343230,,,,,images/4e7118b24aa8.jpg,https://commons.wikimedia.org/wiki/File%3APaolo_Monti_-_Servizio_fotografico_-_BEIC_6343230.jpg,https://upload.wikimedia.org/wikipedia/commons/6/65/Paolo_Monti_-_Servizio_fotografico_-_BEIC_6343230.jpg,CC BY-SA 4.0,"<bdi><a href=""https://en.wikipedia.org/wiki/en:Paolo_Monti"" class=""extiw"" title=""w:en:Paolo Monti""><span title=""Italian photographer (1908–1982)"">Paolo Monti</span></a></bdi>",Real packaging/photo file from Wikimedia Commons; medication identity and Yemen registration require local verification.
437,Yemen / global medicines,Paolo Monti - Servizio fotografico - BEIC 6343231,,,,,images/ce3bde3bd9a4.jpg,https://commons.wikimedia.org/wiki/File%3APaolo_Monti_-_Servizio_fotografico_-_BEIC_6343231.jpg,https://upload.wikimedia.org/wikipedia/commons/c/cb/Paolo_Monti_-_Servizio_fotografico_-_BEIC_6343231.jpg,CC BY-SA 4.0,"<bdi><a href=""https://en.wikipedia.org/wiki/en:Paolo_Monti"" class=""extiw"" title=""w:en:Paolo Monti""><span title=""Italian photographer (1908–1982)"">Paolo Monti</span></a></bdi>",Real packaging/photo file from Wikimedia Commons; medication identity and Yemen registration require local verification.
438,Yemen / global medicines,Paolo Monti - Servizio fotografico - BEIC 6343232,,,,,images/6995f3e5f385.jpg,https://commons.wikimedia.org/wiki/File%3APaolo_Monti_-_Servizio_fotografico_-_BEIC_6343232.jpg,https://upload.wikimedia.org/wikipedia/commons/6/6b/Paolo_Monti_-_Servizio_fotografico_-_BEIC_6343232.jpg,CC BY-SA 4.0,"<bdi><a href=""https://en.wikipedia.org/wiki/en:Paolo_Monti"" class=""extiw"" title=""w:en:Paolo Monti""><span title=""Italian photographer (1908–1982)"">Paolo Monti</span></a></bdi>",Real packaging/photo file from Wikimedia Commons; medication identity and Yemen registration require local verification.
439,Yemen / global medicines,Paolo Monti - Servizio fotografico - BEIC 6343233,,,,,images/bb7c8d878ff2.jpg,https://commons.wikimedia.org/wiki/File%3APaolo_Monti_-_Servizio_fotografico_-_BEIC_6343233.jpg,https://upload.wikimedia.org/wikipedia/commons/3/30/Paolo_Monti_-_Servizio_fotografico_-_BEIC_6343233.jpg,CC BY-SA 4.0,"<bdi><a href=""https://en.wikipedia.org/wiki/en:Paolo_Monti"" class=""extiw"" title=""w:en:Paolo Monti""><span title=""Italian photographer (1908–1982)"">Paolo Monti</span></a></bdi>",Real packaging/photo file from Wikimedia Commons; medication identity and Yemen registration require local verification.
440,Yemen / global medicines,Paolo Monti - Servizio fotografico - BEIC 6343234,,,,,images/52c9fa55d260.jpg,https://commons.wikimedia.org/wiki/File%3APaolo_Monti_-_Servizio_fotografico_-_BEIC_6343234.jpg,https://upload.wikimedia.org/wikipedia/commons/d/d3/Paolo_Monti_-_Servizio_fotografico_-_BEIC_6343234.jpg,CC BY-SA 4.0,"<bdi><a href=""https://en.wikipedia.org/wiki/en:Paolo_Monti"" class=""extiw"" title=""w:en:Paolo Monti""><span title=""Italian photographer (1908–1982)"">Paolo Monti</span></a></bdi>",Real packaging/photo file from Wikimedia Commons; medication identity and Yemen registration require local verification.
441,Yemen / global medicines,Paolo Monti - Servizio fotografico - BEIC 6343235,,,,,images/f6f974aa446e.jpg,https://commons.wikimedia.org/wiki/File%3APaolo_Monti_-_Servizio_fotografico_-_BEIC_6343235.jpg,https://upload.wikimedia.org/wikipedia/commons/8/8e/Paolo_Monti_-_Servizio_fotografico_-_BEIC_6343235.jpg,CC BY-SA 4.0,"<bdi><a href=""https://en.wikipedia.org/wiki/en:Paolo_Monti"" class=""extiw"" title=""w:en:Paolo Monti""><span title=""Italian photographer (1908–1982)"">Paolo Monti</span></a></bdi>",Real packaging/photo file from Wikimedia Commons; medication identity and Yemen registration require local verification.
442,Yemen / global medicines,Paolo Monti - Servizio fotografico - BEIC 6343236,,,,,images/8061ed538655.jpg,https://commons.wikimedia.org/wiki/File%3APaolo_Monti_-_Servizio_fotografico_-_BEIC_6343236.jpg,https://upload.wikimedia.org/wikipedia/commons/6/61/Paolo_Monti_-_Servizio_fotografico_-_BEIC_6343236.jpg,CC BY-SA 4.0,"<bdi><a href=""https://en.wikipedia.org/wiki/en:Paolo_Monti"" class=""extiw"" title=""w:en:Paolo Monti""><span title=""Italian photographer (1908–1982)"">Paolo Monti</span></a></bdi>",Real packaging/photo file from Wikimedia Commons; medication identity and Yemen registration require local verification.
443,Yemen / global medicines,Paolo Monti - Servizio fotografico - BEIC 6347060,,,,,images/a166799f6560.jpg,https://commons.wikimedia.org/wiki/File%3APaolo_Monti_-_Servizio_fotografico_-_BEIC_6347060.jpg,https://upload.wikimedia.org/wikipedia/commons/d/d0/Paolo_Monti_-_Servizio_fotografico_-_BEIC_6347060.jpg,CC BY-SA 4.0,"<bdi><a href=""https://en.wikipedia.org/wiki/en:Paolo_Monti"" class=""extiw"" title=""w:en:Paolo Monti""><span title=""Italian photographer (1908–1982)"">Paolo Monti</span></a></bdi>",Real packaging/photo file from Wikimedia Commons; medication identity and Yemen registration require local verification.
444,Yemen / global medicines,Paolo Monti - Servizio fotografico - BEIC 6355525,,,,,images/a830a48e5b69.jpg,https://commons.wikimedia.org/wiki/File%3APaolo_Monti_-_Servizio_fotografico_-_BEIC_6355525.jpg,https://upload.wikimedia.org/wikipedia/commons/f/f3/Paolo_Monti_-_Servizio_fotografico_-_BEIC_6355525.jpg,CC BY-SA 4.0,"<bdi><a href=""https://en.wikipedia.org/wiki/en:Paolo_Monti"" class=""extiw"" title=""w:en:Paolo Monti""><span title=""Italian photographer (1908–1982)"">Paolo Monti</span></a></bdi>",Real packaging/photo file from Wikimedia Commons; medication identity and Yemen registration require local verification.
445,Yemen / global medicines,Paolo Monti - Servizio fotografico - BEIC 6355527,,,,,images/38f3a32cd705.jpg,https://commons.wikimedia.org/wiki/File%3APaolo_Monti_-_Servizio_fotografico_-_BEIC_6355527.jpg,https://upload.wikimedia.org/wikipedia/commons/9/9d/Paolo_Monti_-_Servizio_fotografico_-_BEIC_6355527.jpg,CC BY-SA 4.0,"<bdi><a href=""https://en.wikipedia.org/wiki/en:Paolo_Monti"" class=""extiw"" title=""w:en:Paolo Monti""><span title=""Italian photographer (1908–1982)"">Paolo Monti</span></a></bdi>",Real packaging/photo file from Wikimedia Commons; medication identity and Yemen registration require local verification.
446,Yemen / global medicines,Paolo Monti - Servizio fotografico - BEIC 6355528,,,,,images/efa15095eda5.jpg,https://commons.wikimedia.org/wiki/File%3APaolo_Monti_-_Servizio_fotografico_-_BEIC_6355528.jpg,https://upload.wikimedia.org/wikipedia/commons/2/25/Paolo_Monti_-_Servizio_fotografico_-_BEIC_6355528.jpg,CC BY-SA 4.0,"<bdi><a href=""https://en.wikipedia.org/wiki/en:Paolo_Monti"" class=""extiw"" title=""w:en:Paolo Monti""><span title=""Italian photographer (1908–1982)"">Paolo Monti</span></a></bdi>",Real packaging/photo file from Wikimedia Commons; medication identity and Yemen registration require local verification.
447,Yemen / global medicines,Paolo Monti - Servizio fotografico - BEIC 6355529,,,,,images/d448e1a852db.jpg,https://commons.wikimedia.org/wiki/File%3APaolo_Monti_-_Servizio_fotografico_-_BEIC_6355529.jpg,https://upload.wikimedia.org/wikipedia/commons/c/ca/Paolo_Monti_-_Servizio_fotografico_-_BEIC_6355529.jpg,CC BY-SA 4.0,"<bdi><a href=""https://en.wikipedia.org/wiki/en:Paolo_Monti"" class=""extiw"" title=""w:en:Paolo Monti""><span title=""Italian photographer (1908–1982)"">Paolo Monti</span></a></bdi>",Real packaging/photo file from Wikimedia Commons; medication identity and Yemen registration require local verification.
448,Yemen / global medicines,Paolo Monti - Servizio fotografico - BEIC 6355530,,,,,images/96d733982492.jpg,https://commons.wikimedia.org/wiki/File%3APaolo_Monti_-_Servizio_fotografico_-_BEIC_6355530.jpg,https://upload.wikimedia.org/wikipedia/commons/7/7c/Paolo_Monti_-_Servizio_fotografico_-_BEIC_6355530.jpg,CC BY-SA 4.0,"<bdi><a href=""https://en.wikipedia.org/wiki/en:Paolo_Monti"" class=""extiw"" title=""w:en:Paolo Monti""><span title=""Italian photographer (1908–1982)"">Paolo Monti</span></a></bdi>",Real packaging/photo file from Wikimedia Commons; medication identity and Yemen registration require local verification.
449,Yemen / global medicines,Paolo Monti - Servizio fotografico - BEIC 6355531,,,,,images/446eef845e27.jpg,https://commons.wikimedia.org/wiki/File%3APaolo_Monti_-_Servizio_fotografico_-_BEIC_6355531.jpg,https://upload.wikimedia.org/wikipedia/commons/e/e8/Paolo_Monti_-_Servizio_fotografico_-_BEIC_6355531.jpg,CC BY-SA 4.0,"<bdi><a href=""https://en.wikipedia.org/wiki/en:Paolo_Monti"" class=""extiw"" title=""w:en:Paolo Monti""><span title=""Italian photographer (1908–1982)"">Paolo Monti</span></a></bdi>",Real packaging/photo file from Wikimedia Commons; medication identity and Yemen registration require local verification.
450,Yemen / global medicines,Paolo Monti - Servizio fotografico - BEIC 6355532,,,,,images/b8a68f3a3958.jpg,https://commons.wikimedia.org/wiki/File%3APaolo_Monti_-_Servizio_fotografico_-_BEIC_6355532.jpg,https://upload.wikimedia.org/wikipedia/commons/3/3d/Paolo_Monti_-_Servizio_fotografico_-_BEIC_6355532.jpg,CC BY-SA 4.0,"<bdi><a href=""https://en.wikipedia.org/wiki/en:Paolo_Monti"" class=""extiw"" title=""w:en:Paolo Monti""><span title=""Italian photographer (1908–1982)"">Paolo Monti</span></a></bdi>",Real packaging/photo file from Wikimedia Commons; medication identity and Yemen registration require local verification.
451,Yemen / global medicines,Paolo Monti - Servizio fotografico - BEIC 6355533,,,,,images/a1e4227934f1.jpg,https://commons.wikimedia.org/wiki/File%3APaolo_Monti_-_Servizio_fotografico_-_BEIC_6355533.jpg,https://upload.wikimedia.org/wikipedia/commons/d/d9/Paolo_Monti_-_Servizio_fotografico_-_BEIC_6355533.jpg,CC BY-SA 4.0,"<bdi><a href=""https://en.wikipedia.org/wiki/en:Paolo_Monti"" class=""extiw"" title=""w:en:Paolo Monti""><span title=""Italian photographer (1908–1982)"">Paolo Monti</span></a></bdi>",Real packaging/photo file from Wikimedia Commons; medication identity and Yemen registration require local verification.
452,Yemen / global medicines,Paolo Monti - Servizio fotografico - BEIC 6355534,,,,,images/30c08d638a72.jpg,https://commons.wikimedia.org/wiki/File%3APaolo_Monti_-_Servizio_fotografico_-_BEIC_6355534.jpg,https://upload.wikimedia.org/wikipedia/commons/3/35/Paolo_Monti_-_Servizio_fotografico_-_BEIC_6355534.jpg,CC BY-SA 4.0,"<bdi><a href=""https://en.wikipedia.org/wiki/en:Paolo_Monti"" class=""extiw"" title=""w:en:Paolo Monti""><span title=""Italian photographer (1908–1982)"">Paolo Monti</span></a></bdi>",Real packaging/photo file from Wikimedia Commons; medication identity and Yemen registration require local verification.
453,Yemen / global medicines,Paolo Monti - Servizio fotografico - BEIC 6355535,,,,,images/70ad1e2e25b1.jpg,https://commons.wikimedia.org/wiki/File%3APaolo_Monti_-_Servizio_fotografico_-_BEIC_6355535.jpg,https://upload.wikimedia.org/wikipedia/commons/b/b1/Paolo_Monti_-_Servizio_fotografico_-_BEIC_6355535.jpg,CC BY-SA 4.0,"<bdi><a href=""https://en.wikipedia.org/wiki/en:Paolo_Monti"" class=""extiw"" title=""w:en:Paolo Monti""><span title=""Italian photographer (1908–1982)"">Paolo Monti</span></a></bdi>",Real packaging/photo file from Wikimedia Commons; medication identity and Yemen registration require local verification.
454,Yemen / global medicines,Paolo Monti - Servizio fotografico - BEIC 6355536,,,,,images/8e736d2c881f.jpg,https://commons.wikimedia.org/wiki/File%3APaolo_Monti_-_Servizio_fotografico_-_BEIC_6355536.jpg,https://upload.wikimedia.org/wikipedia/commons/9/9e/Paolo_Monti_-_Servizio_fotografico_-_BEIC_6355536.jpg,CC BY-SA 4.0,"<bdi><a href=""https://en.wikipedia.org/wiki/en:Paolo_Monti"" class=""extiw"" title=""w:en:Paolo Monti""><span title=""Italian photographer (1908–1982)"">Paolo Monti</span></a></bdi>",Real packaging/photo file from Wikimedia Commons; medication identity and Yemen registration require local verification.
455,Yemen / global medicines,Paolo Monti - Servizio fotografico - BEIC 6355537,,,,,images/0939dfb68a00.jpg,https://commons.wikimedia.org/wiki/File%3APaolo_Monti_-_Servizio_fotografico_-_BEIC_6355537.jpg,https://upload.wikimedia.org/wikipedia/commons/d/d7/Paolo_Monti_-_Servizio_fotografico_-_BEIC_6355537.jpg,CC BY-SA 4.0,"<bdi><a href=""https://en.wikipedia.org/wiki/en:Paolo_Monti"" class=""extiw"" title=""w:en:Paolo Monti""><span title=""Italian photographer (1908–1982)"">Paolo Monti</span></a></bdi>",Real packaging/photo file from Wikimedia Commons; medication identity and Yemen registration require local verification.
456,Yemen / global medicines,Paolo Monti - Servizio fotografico - BEIC 6355538,,,,,images/bbec27b6c6fc.jpg,https://commons.wikimedia.org/wiki/File%3APaolo_Monti_-_Servizio_fotografico_-_BEIC_6355538.jpg,https://upload.wikimedia.org/wikipedia/commons/3/3e/Paolo_Monti_-_Servizio_fotografico_-_BEIC_6355538.jpg,CC BY-SA 4.0,"<bdi><a href=""https://en.wikipedia.org/wiki/en:Paolo_Monti"" class=""extiw"" title=""w:en:Paolo Monti""><span title=""Italian photographer (1908–1982)"">Paolo Monti</span></a></bdi>",Real packaging/photo file from Wikimedia Commons; medication identity and Yemen registration require local verification.
457,Yemen / global medicines,Paolo Monti - Servizio fotografico - BEIC 6355540,,,,,images/b5613beceba4.jpg,https://commons.wikimedia.org/wiki/File%3APaolo_Monti_-_Servizio_fotografico_-_BEIC_6355540.jpg,https://upload.wikimedia.org/wikipedia/commons/4/44/Paolo_Monti_-_Servizio_fotografico_-_BEIC_6355540.jpg,CC BY-SA 4.0,"<bdi><a href=""https://en.wikipedia.org/wiki/en:Paolo_Monti"" class=""extiw"" title=""w:en:Paolo Monti""><span title=""Italian photographer (1908–1982)"">Paolo Monti</span></a></bdi>",Real packaging/photo file from Wikimedia Commons; medication identity and Yemen registration require local verification.
458,Yemen / global medicines,Paolo Monti - Servizio fotografico - BEIC 6355541,,,,,images/94a0756a4379.jpg,https://commons.wikimedia.org/wiki/File%3APaolo_Monti_-_Servizio_fotografico_-_BEIC_6355541.jpg,https://upload.wikimedia.org/wikipedia/commons/c/c2/Paolo_Monti_-_Servizio_fotografico_-_BEIC_6355541.jpg,CC BY-SA 4.0,"<bdi><a href=""https://en.wikipedia.org/wiki/en:Paolo_Monti"" class=""extiw"" title=""w:en:Paolo Monti""><span title=""Italian photographer (1908–1982)"">Paolo Monti</span></a></bdi>",Real packaging/photo file from Wikimedia Commons; medication identity and Yemen registration require local verification.
459,Yemen / global medicines,Paolo Monti - Servizio fotografico - BEIC 6355542,,,,,images/18629af72a2a.jpg,https://commons.wikimedia.org/wiki/File%3APaolo_Monti_-_Servizio_fotografico_-_BEIC_6355542.jpg,https://upload.wikimedia.org/wikipedia/commons/c/c7/Paolo_Monti_-_Servizio_fotografico_-_BEIC_6355542.jpg,CC BY-SA 4.0,"<bdi><a href=""https://en.wikipedia.org/wiki/en:Paolo_Monti"" class=""extiw"" title=""w:en:Paolo Monti""><span title=""Italian photographer (1908–1982)"">Paolo Monti</span></a></bdi>",Real packaging/photo file from Wikimedia Commons; medication identity and Yemen registration require local verification.
460,Yemen / global medicines,Paolo Monti - Servizio fotografico - BEIC 6355550,,,,,images/8226cf4f5c25.jpg,https://commons.wikimedia.org/wiki/File%3APaolo_Monti_-_Servizio_fotografico_-_BEIC_6355550.jpg,https://upload.wikimedia.org/wikipedia/commons/8/8e/Paolo_Monti_-_Servizio_fotografico_-_BEIC_6355550.jpg,CC BY-SA 4.0,"<bdi><a href=""https://en.wikipedia.org/wiki/en:Paolo_Monti"" class=""extiw"" title=""w:en:Paolo Monti""><span title=""Italian photographer (1908–1982)"">Paolo Monti</span></a></bdi>",Real packaging/photo file from Wikimedia Commons; medication identity and Yemen registration require local verification.
461,Yemen / global medicines,Paolo Monti - Servizio fotografico - BEIC 6356076,,,,,images/71628f7ed814.jpg,https://commons.wikimedia.org/wiki/File%3APaolo_Monti_-_Servizio_fotografico_-_BEIC_6356076.jpg,https://upload.wikimedia.org/wikipedia/commons/b/b0/Paolo_Monti_-_Servizio_fotografico_-_BEIC_6356076.jpg,CC BY-SA 4.0,"<bdi><a href=""https://en.wikipedia.org/wiki/en:Paolo_Monti"" class=""extiw"" title=""w:en:Paolo Monti""><span title=""Italian photographer (1908–1982)"">Paolo Monti</span></a></bdi>",Real packaging/photo file from Wikimedia Commons; medication identity and Yemen registration require local verification.
462,Yemen / global medicines,Paolo Monti - Servizio fotografico - BEIC 6356125,,,,,images/ecce498d08b8.jpg,https://commons.wikimedia.org/wiki/File%3APaolo_Monti_-_Servizio_fotografico_-_BEIC_6356125.jpg,https://upload.wikimedia.org/wikipedia/commons/3/3e/Paolo_Monti_-_Servizio_fotografico_-_BEIC_6356125.jpg,CC BY-SA 4.0,"<bdi><a href=""https://en.wikipedia.org/wiki/en:Paolo_Monti"" class=""extiw"" title=""w:en:Paolo Monti""><span title=""Italian photographer (1908–1982)"">Paolo Monti</span></a></bdi>",Real packaging/photo file from Wikimedia Commons; medication identity and Yemen registration require local verification.
463,Yemen / global medicines,Paolo Monti - Servizio fotografico - BEIC 6356130,,,,,images/8f8499244ba6.jpg,https://commons.wikimedia.org/wiki/File%3APaolo_Monti_-_Servizio_fotografico_-_BEIC_6356130.jpg,https://upload.wikimedia.org/wikipedia/commons/e/ec/Paolo_Monti_-_Servizio_fotografico_-_BEIC_6356130.jpg,CC BY-SA 4.0,"<bdi><a href=""https://en.wikipedia.org/wiki/en:Paolo_Monti"" class=""extiw"" title=""w:en:Paolo Monti""><span title=""Italian photographer (1908–1982)"">Paolo Monti</span></a></bdi>",Real packaging/photo file from Wikimedia Commons; medication identity and Yemen registration require local verification.
464,Yemen / global medicines,Paralen,,,,,images/693dbef67f63.jpg,https://commons.wikimedia.org/wiki/File%3AParalen.jpg,https://upload.wikimedia.org/wikipedia/commons/thumb/9/93/Paralen.jpg/1280px-Paralen.jpg,CC BY 4.0,"<a href=""//commons.wikimedia.org/w/index.php?title=User:Mvejr&amp;action=edit&amp;redlink=1"" class=""new"" title=""User:Mvejr (page does not exist)"">Mvejr</a>",Real packaging/photo file from Wikimedia Commons; medication identity and Yemen registration require local verification.
465,Yemen / global medicines,Paterson Museum (NJ) images (45) number 26 Health-related products from the 1920s,,,,,images/98c346ac1cfe.jpg,https://commons.wikimedia.org/wiki/File%3APaterson_Museum_%28NJ%29_images_%2845%29_number_26_Health-related_products_from_the_1920s.jpg,https://upload.wikimedia.org/wikipedia/commons/thumb/d/d8/Paterson_Museum_%28NJ%29_images_%2845%29_number_26_Health-related_products_from_the_1920s.jpg/1280px-Paterson_Museum_%28NJ%29_images_%2845%29_number_26_Health-related_products_from_the_1920s.jpg,CC0,"<a href=""//commons.wikimedia.org/w/index.php?title=User:Tomwsulcer&amp;action=edit&amp;redlink=1"" class=""new"" title=""User:Tomwsulcer (page does not exist)"">Tomwsulcer</a>",Real packaging/photo file from Wikimedia Commons; medication identity and Yemen registration require local verification.
466,Yemen / global medicines,Paterson Museum (NJ) images (45) number 27 Health-related products from the 1920s,,,,,images/2f38b398d644.jpg,https://commons.wikimedia.org/wiki/File%3APaterson_Museum_%28NJ%29_images_%2845%29_number_27_Health-related_products_from_the_1920s.jpg,https://upload.wikimedia.org/wikipedia/commons/thumb/2/26/Paterson_Museum_%28NJ%29_images_%2845%29_number_27_Health-related_products_from_the_1920s.jpg/1280px-Paterson_Museum_%28NJ%29_images_%2845%29_number_27_Health-related_products_from_the_1920s.jpg,CC0,"<a href=""//commons.wikimedia.org/w/index.php?title=User:Tomwsulcer&amp;action=edit&amp;redlink=1"" class=""new"" title=""User:Tomwsulcer (page does not exist)"">Tomwsulcer</a>",Real packaging/photo file from Wikimedia Commons; medication identity and Yemen registration require local verification.
467,Yemen / global medicines,Paterson Museum (NJ) images (45) number 28 Health-related products from the 1920s,,,,,images/091e09447fc7.jpg,https://commons.wikimedia.org/wiki/File%3APaterson_Museum_%28NJ%29_images_%2845%29_number_28_Health-related_products_from_the_1920s.jpg,https://upload.wikimedia.org/wikipedia/commons/thumb/3/3e/Paterson_Museum_%28NJ%29_images_%2845%29_number_28_Health-related_products_from_the_1920s.jpg/1280px-Paterson_Museum_%28NJ%29_images_%2845%29_number_28_Health-related_products_from_the_1920s.jpg,CC0,"<a href=""//commons.wikimedia.org/w/index.php?title=User:Tomwsulcer&amp;action=edit&amp;redlink=1"" class=""new"" title=""User:Tomwsulcer (page does not exist)"">Tomwsulcer</a>",Real packaging/photo file from Wikimedia Commons; medication identity and Yemen registration require local verification.
468,Yemen / global medicines,Paterson Museum (NJ) images (45) number 3,,,,,images/5ee584f8e30b.jpg,https://commons.wikimedia.org/wiki/File%3APaterson_Museum_%28NJ%29_images_%2845%29_number_3.jpg,https://upload.wikimedia.org/wikipedia/commons/thumb/7/77/Paterson_Museum_%28NJ%29_images_%2845%29_number_3.jpg/1280px-Paterson_Museum_%28NJ%29_images_%2845%29_number_3.jpg,CC0,"<a href=""//commons.wikimedia.org/w/index.php?title=User:Tomwsulcer&amp;action=edit&amp;redlink=1"" class=""new"" title=""User:Tomwsulcer (page does not exist)"">Tomwsulcer</a>",Real packaging/photo file from Wikimedia Commons; medication identity and Yemen registration require local verification.
469,Yemen / global medicines,Paterson Museum (NJ) images (45) number 31 Health-related products from the 1920s,,,,,images/9bbfdf8d8a95.jpg,https://commons.wikimedia.org/wiki/File%3APaterson_Museum_%28NJ%29_images_%2845%29_number_31_Health-related_products_from_the_1920s.jpg,https://upload.wikimedia.org/wikipedia/commons/thumb/f/f5/Paterson_Museum_%28NJ%29_images_%2845%29_number_31_Health-related_products_from_the_1920s.jpg/1280px-Paterson_Museum_%28NJ%29_images_%2845%29_number_31_Health-related_products_from_the_1920s.jpg,CC0,"<a href=""//commons.wikimedia.org/w/index.php?title=User:Tomwsulcer&amp;action=edit&amp;redlink=1"" class=""new"" title=""User:Tomwsulcer (page does not exist)"">Tomwsulcer</a>",Real packaging/photo file from Wikimedia Commons; medication identity and Yemen registration require local verification.
470,Yemen / global medicines,Paterson Museum (NJ) images (45) number 32 Health-related products from the 1920s,,,,,images/1b0f0bc37422.jpg,https://commons.wikimedia.org/wiki/File%3APaterson_Museum_%28NJ%29_images_%2845%29_number_32_Health-related_products_from_the_1920s.jpg,https://upload.wikimedia.org/wikipedia/commons/thumb/3/39/Paterson_Museum_%28NJ%29_images_%2845%29_number_32_Health-related_products_from_the_1920s.jpg/1280px-Paterson_Museum_%28NJ%29_images_%2845%29_number_32_Health-related_products_from_the_1920s.jpg,CC0,"<a href=""//commons.wikimedia.org/w/index.php?title=User:Tomwsulcer&amp;action=edit&amp;redlink=1"" class=""new"" title=""User:Tomwsulcer (page does not exist)"">Tomwsulcer</a>",Real packaging/photo file from Wikimedia Commons; medication identity and Yemen registration require local verification.
471,Yemen / global medicines,Paterson Museum (NJ) images (45) number 5 Health-related products from the 1920s,,,,,images/496bfc30183c.jpg,https://commons.wikimedia.org/wiki/File%3APaterson_Museum_%28NJ%29_images_%2845%29_number_5_Health-related_products_from_the_1920s.jpg,https://upload.wikimedia.org/wikipedia/commons/thumb/9/9e/Paterson_Museum_%28NJ%29_images_%2845%29_number_5_Health-related_products_from_the_1920s.jpg/1280px-Paterson_Museum_%28NJ%29_images_%2845%29_number_5_Health-related_products_from_the_1920s.jpg,CC0,"<a href=""//commons.wikimedia.org/w/index.php?title=User:Tomwsulcer&amp;action=edit&amp;redlink=1"" class=""new"" title=""User:Tomwsulcer (page does not exist)"">Tomwsulcer</a>",Real packaging/photo file from Wikimedia Commons; medication identity and Yemen registration require local verification.
472,Yemen / global medicines,Paterson Museum (NJ) images (45) number 7 Health-related products from the 1920s,,,,,images/0d936e7f6dfd.jpg,https://commons.wikimedia.org/wiki/File%3APaterson_Museum_%28NJ%29_images_%2845%29_number_7_Health-related_products_from_the_1920s.jpg,https://upload.wikimedia.org/wikipedia/commons/thumb/2/27/Paterson_Museum_%28NJ%29_images_%2845%29_number_7_Health-related_products_from_the_1920s.jpg/1280px-Paterson_Museum_%28NJ%29_images_%2845%29_number_7_Health-related_products_from_the_1920s.jpg,CC0,"<a href=""//commons.wikimedia.org/w/index.php?title=User:Tomwsulcer&amp;action=edit&amp;redlink=1"" class=""new"" title=""User:Tomwsulcer (page does not exist)"">Tomwsulcer</a>",Real packaging/photo file from Wikimedia Commons; medication identity and Yemen registration require local verification.
473,Yemen / global medicines,Pedialyte nutrition fact2,,,,,images/7bfd4c66ad86.jpg,https://commons.wikimedia.org/wiki/File%3APedialyte_nutrition_fact2.jpg,https://upload.wikimedia.org/wikipedia/commons/thumb/2/25/Pedialyte_nutrition_fact2.jpg/1280px-Pedialyte_nutrition_fact2.jpg,CC BY-SA 4.0,,Real packaging/photo file from Wikimedia Commons; medication identity and Yemen registration require local verification.
474,Yemen / global medicines,Penaten-1 hg,,,,,images/9a3ca7abe56d.jpg,https://commons.wikimedia.org/wiki/File%3APenaten-1_hg.jpg,https://upload.wikimedia.org/wikipedia/commons/thumb/7/79/Penaten-1_hg.jpg/1280px-Penaten-1_hg.jpg,CC BY-SA 4.0,"<a href=""//commons.wikimedia.org/wiki/User:Hgrobe"" title=""User:Hgrobe"">Hannes Grobe</a>",Real packaging/photo file from Wikimedia Commons; medication identity and Yemen registration require local verification.
475,Yemen / global medicines,Pentothal vintage package - truth serum,,,,,images/ec993d7941a7.jpg,https://commons.wikimedia.org/wiki/File%3APentothal_vintage_package_-_truth_serum.jpg,https://upload.wikimedia.org/wikipedia/commons/thumb/3/3c/Pentothal_vintage_package_-_truth_serum.jpg/1280px-Pentothal_vintage_package_-_truth_serum.jpg,CC BY 2.0,"<a rel=""nofollow"" class=""external text"" href=""https://www.flickr.com/people/21025851@N00"">eurok</a> from Paris, France",Real packaging/photo file from Wikimedia Commons; medication identity and Yemen registration require local verification.
476,Yemen / global medicines,PEPTODISMOL,,,,,images/f86f282f029d.jpg,https://commons.wikimedia.org/wiki/File%3APEPTODISMOL.jpg,https://upload.wikimedia.org/wikipedia/commons/9/9e/PEPTODISMOL.jpg,CC BY-SA 4.0,"<a href=""//commons.wikimedia.org/w/index.php?title=User:Maria_Victoria_Manjarres&amp;action=edit&amp;redlink=1"" class=""new"" title=""User:Maria Victoria Manjarres (page does not exist)"">Maria Victoria Manjarres</a>",Real packaging/photo file from Wikimedia Commons; medication identity and Yemen registration require local verification.
477,Yemen / global medicines,Pervitin (Werbeanzeige auf rumänisch),,,,,images/ed4d6148c2f0.jpg,https://commons.wikimedia.org/wiki/File%3APervitin_%28Werbeanzeige_auf_rum%C3%A4nisch%29.jpg,https://upload.wikimedia.org/wikipedia/commons/a/a0/Pervitin_%28Werbeanzeige_auf_rum%C3%A4nisch%29.jpg,CC BY-SA 4.0,"<a href=""//commons.wikimedia.org/w/index.php?title=User:Onkel_Dittmeyer&amp;action=edit&amp;redlink=1"" class=""new"" title=""User:Onkel Dittmeyer (page does not exist)"">Onkel Dittmeyer</a>",Real packaging/photo file from Wikimedia Commons; medication identity and Yemen registration require local verification.
478,Yemen / global medicines,Pfizer Trosyd Dermal Cream tube package and product description 20090324,,,,,images/5d8aaa65edb2.jpg,https://commons.wikimedia.org/wiki/File%3APfizer_Trosyd_Dermal_Cream_tube_package_and_product_description_20090324.jpg,https://upload.wikimedia.org/wikipedia/commons/thumb/6/6d/Pfizer_Trosyd_Dermal_Cream_tube_package_and_product_description_20090324.jpg/1280px-Pfizer_Trosyd_Dermal_Cream_tube_package_and_product_description_20090324.jpg,CC BY-SA 3.0,"<a href=""//commons.wikimedia.org/w/index.php?title=User:Pdaleotro&amp;action=edit&amp;redlink=1"" class=""new"" title=""User:Pdaleotro (page does not exist)"">Pdaleotro</a>",Real packaging/photo file from Wikimedia Commons; medication identity and Yemen registration require local verification.
479,Yemen / global medicines,Pharmaceutica-1950th hg,,,,,images/a90887f8bcfe.jpg,https://commons.wikimedia.org/wiki/File%3APharmaceutica-1950th_hg.jpg,https://upload.wikimedia.org/wikipedia/commons/thumb/f/f4/Pharmaceutica-1950th_hg.jpg/1280px-Pharmaceutica-1950th_hg.jpg,CC BY-SA 4.0,"<a href=""//commons.wikimedia.org/wiki/User:Hgrobe"" title=""User:Hgrobe"">Hannes Grobe</a>",Real packaging/photo file from Wikimedia Commons; medication identity and Yemen registration require local verification.
480,Yemen / global medicines,"Pharmacy,glass",,,,,images/af5f862a3b1f.jpg,https://commons.wikimedia.org/wiki/File%3APharmacy%2Cglass.JPG,https://upload.wikimedia.org/wikipedia/commons/thumb/f/fd/Pharmacy%2Cglass.JPG/1280px-Pharmacy%2Cglass.JPG,CC BY-SA 2.5,,Real packaging/photo file from Wikimedia Commons; medication identity and Yemen registration require local verification.
481,Yemen / global medicines,Pharmaton Ailesi,,,,,images/6172137df875.png,https://commons.wikimedia.org/wiki/File%3APharmaton_Ailesi_.png,https://upload.wikimedia.org/wikipedia/commons/6/6e/Pharmaton_Ailesi_.png,CC BY-SA 4.0,"<a href=""//commons.wikimedia.org/w/index.php?title=User:Ece_Savas&amp;action=edit&amp;redlink=1"" class=""new"" title=""User:Ece Savas (page does not exist)"">Ece Savas</a>",Real packaging/photo file from Wikimedia Commons; medication identity and Yemen registration require local verification.
482,Yemen / global medicines,Pharmazeutische Flaschen aus Behälterglas,,,,,images/7053ffb318ff.jpg,https://commons.wikimedia.org/wiki/File%3APharmazeutische_Flaschen_aus_Beh%C3%A4lterglas.jpg,https://upload.wikimedia.org/wikipedia/commons/thumb/a/ad/Pharmazeutische_Flaschen_aus_Beh%C3%A4lterglas.jpg/1280px-Pharmazeutische_Flaschen_aus_Beh%C3%A4lterglas.jpg,CC BY-SA 4.0,"<a href=""//commons.wikimedia.org/wiki/User:Marion_Stolzenwald"" title=""User:Marion Stolzenwald"">Gerresheimer AG</a>",Real packaging/photo file from Wikimedia Commons; medication identity and Yemen registration require local verification.
483,Yemen / global medicines,Phaseal protector,,,,,images/8ee52ce4b680.png,https://commons.wikimedia.org/wiki/File%3APhaseal_protector.png,https://upload.wikimedia.org/wikipedia/commons/3/34/Phaseal_protector.png,Public domain,Carmel Pharma,Real packaging/photo file from Wikimedia Commons; medication identity and Yemen registration require local verification.
484,Yemen / global medicines,Phaseal system,,,,,images/d156c6df8652.png,https://commons.wikimedia.org/wiki/File%3APhaseal_system.png,https://upload.wikimedia.org/wikipedia/commons/6/6d/Phaseal_system.png,Public domain,Carmel Pharma,Real packaging/photo file from Wikimedia Commons; medication identity and Yemen registration require local verification.
485,Yemen / global medicines,Phenergan 25mg tablets (UK),,,,,images/6a837dfeb557.jpg,https://commons.wikimedia.org/wiki/File%3APhenergan_25mg_tablets_%28UK%29.jpg,https://upload.wikimedia.org/wikipedia/commons/thumb/b/bc/Phenergan_25mg_tablets_%28UK%29.jpg/1280px-Phenergan_25mg_tablets_%28UK%29.jpg,CC0,"<a href=""https://en.wikipedia.org/wiki/User:One_Of_Seven_Billion"" class=""extiw"" title=""w:User:One Of Seven Billion"">One Of Seven Billion</a>",Real packaging/photo file from Wikimedia Commons; medication identity and Yemen registration require local verification.
487,Yemen / global medicines,PhenlzineSulfate15mgERFAmanufacturer (Israel),,,,,images/2e7facb3f4bb.jpg,https://commons.wikimedia.org/wiki/File%3APhenlzineSulfate15mgERFAmanufacturer_%28Israel%29.jpg,https://upload.wikimedia.org/wikipedia/commons/thumb/c/cc/PhenlzineSulfate15mgERFAmanufacturer_%28Israel%29.jpg/1280px-PhenlzineSulfate15mgERFAmanufacturer_%28Israel%29.jpg,CC BY-SA 2.0,"<a href=""//commons.wikimedia.org/wiki/User:ElazarZiv"" class=""mw-redirect"" title=""User:ElazarZiv"">ElazarZiv</a>",Real packaging/photo file from Wikimedia Commons; medication identity and Yemen registration require local verification.
488,Yemen / global medicines,Picamilon,,,,,images/4092adc41097.jpg,https://commons.wikimedia.org/wiki/File%3APicamilon.jpg,https://upload.wikimedia.org/wikipedia/commons/f/ff/Picamilon.jpg,CC BY-SA 3.0,"<a href=""//commons.wikimedia.org/w/index.php?title=User:Nootropic_dude&amp;action=edit&amp;redlink=1"" class=""new"" title=""User:Nootropic dude (page does not exist)"">Nootropic dude</a>",Real packaging/photo file from Wikimedia Commons; medication identity and Yemen registration require local verification.
489,Yemen / global medicines,PICT0371,,,,,images/b23c20dfe20b.jpg,https://commons.wikimedia.org/wiki/File%3APICT0371.JPG,https://upload.wikimedia.org/wikipedia/commons/thumb/b/bc/PICT0371.JPG/1280px-PICT0371.JPG,CC BY-SA 3.0,"No machine-readable author provided. <a href=""//commons.wikimedia.org/wiki/User:Winertai"" title=""User:Winertai"">Winertai</a> assumed (based on copyright claims).",Real packaging/photo file from Wikimedia Commons; medication identity and Yemen registration require local verification.
490,Yemen / global medicines,Pilulier Medipac ouvert,,,,,images/f3daa90ad6c1.png,https://commons.wikimedia.org/wiki/File%3APilulier_Medipac_ouvert.png,https://upload.wikimedia.org/wikipedia/commons/d/d7/Pilulier_Medipac_ouvert.png,CC BY-SA 4.0,"<a href=""//commons.wikimedia.org/w/index.php?title=User:Medissimo&amp;action=edit&amp;redlink=1"" class=""new"" title=""User:Medissimo (page does not exist)"">Medissimo</a>",Real packaging/photo file from Wikimedia Commons; medication identity and Yemen registration require local verification.
491,Yemen / global medicines,Pilulier Medipac,,,,,images/03da6c8ec104.png,https://commons.wikimedia.org/wiki/File%3APilulier_Medipac.png,https://upload.wikimedia.org/wikipedia/commons/3/3d/Pilulier_Medipac.png,CC BY-SA 4.0,"<a href=""//commons.wikimedia.org/w/index.php?title=User:Medissimo&amp;action=edit&amp;redlink=1"" class=""new"" title=""User:Medissimo (page does not exist)"">Medissimo</a>",Real packaging/photo file from Wikimedia Commons; medication identity and Yemen registration require local verification.
492,Yemen / global medicines,Pinaquine Quetiapine200mg,,,,,images/c5382469465b.jpg,https://commons.wikimedia.org/wiki/File%3APinaquine_Quetiapine200mg.jpg,https://upload.wikimedia.org/wikipedia/commons/thumb/d/d9/Pinaquine_Quetiapine200mg.jpg/1280px-Pinaquine_Quetiapine200mg.jpg,CC0,"<a href=""//commons.wikimedia.org/w/index.php?title=User:Mystrixo&amp;action=edit&amp;redlink=1"" class=""new"" title=""User:Mystrixo (page does not exist)"">Mystrixo</a>",Real packaging/photo file from Wikimedia Commons; medication identity and Yemen registration require local verification.
493,Yemen / global medicines,Pinxav,,,,,images/67cef5fa1887.jpg,https://commons.wikimedia.org/wiki/File%3APinxav.JPG,https://upload.wikimedia.org/wikipedia/commons/a/a6/Pinxav.JPG,CC BY-SA 3.0,iParentingMedia Awards,Real packaging/photo file from Wikimedia Commons; medication identity and Yemen registration require local verification.
494,Yemen / global medicines,PKV-lääkkeitä,,,,,images/a6b1aff63be7.jpg,https://commons.wikimedia.org/wiki/File%3APKV-l%C3%A4%C3%A4kkeit%C3%A4.JPG,https://upload.wikimedia.org/wikipedia/commons/thumb/8/85/PKV-l%C3%A4%C3%A4kkeit%C3%A4.JPG/1280px-PKV-l%C3%A4%C3%A4kkeit%C3%A4.JPG,CC BY-SA 3.0,"<a href=""//commons.wikimedia.org/wiki/User:ZngZng"" title=""User:ZngZng"">ZngZng</a>",Real packaging/photo file from Wikimedia Commons; medication identity and Yemen registration require local verification.
495,Yemen / global medicines,Plan b one step,,,,,images/d3d3cac80d0f.jpg,https://commons.wikimedia.org/wiki/File%3APlan_b_one_step.jpg,https://upload.wikimedia.org/wikipedia/commons/c/c0/Plan_b_one_step.jpg,CC BY-SA 3.0,"<a href=""//commons.wikimedia.org/w/index.php?title=User:Bgtp&amp;action=edit&amp;redlink=1"" class=""new"" title=""User:Bgtp (page does not exist)"">Bgtp</a>",Real packaging/photo file from Wikimedia Commons; medication identity and Yemen registration require local verification.
496,Yemen / global medicines,Plastibase Japan,,,,,images/77e25bcb9e4f.jpg,https://commons.wikimedia.org/wiki/File%3APlastibase_Japan.JPG,https://upload.wikimedia.org/wikipedia/commons/6/65/Plastibase_Japan.JPG,Public domain,Med_Chaos,Real packaging/photo file from Wikimedia Commons; medication identity and Yemen registration require local verification.
497,Yemen / global medicines,Plavix 2007-04-19,,,,,images/7f261c9aaabd.jpg,https://commons.wikimedia.org/wiki/File%3APlavix_2007-04-19.jpg,https://upload.wikimedia.org/wikipedia/commons/thumb/b/b9/Plavix_2007-04-19.jpg/1280px-Plavix_2007-04-19.jpg,CC BY-SA 2.5,"<a href=""//commons.wikimedia.org/w/index.php?title=User:Trounce&amp;action=edit&amp;redlink=1"" class=""new"" title=""User:Trounce (page does not exist)"">Trounce</a>",Real packaging/photo file from Wikimedia Commons; medication identity and Yemen registration require local verification.
498,Yemen / global medicines,Plendil ER 10 mg tbl,,,,,images/16d1f67b13d6.jpg,https://commons.wikimedia.org/wiki/File%3APlendil_ER_10_mg_tbl.jpg,https://upload.wikimedia.org/wikipedia/commons/thumb/8/83/Plendil_ER_10_mg_tbl.jpg/1280px-Plendil_ER_10_mg_tbl.jpg,CC BY-SA 4.0,"<a href=""//commons.wikimedia.org/w/index.php?title=User:Tomino_de_WS&amp;action=edit&amp;redlink=1"" class=""new"" title=""User:Tomino de WS (page does not exist)"">Tomino de WS</a>",Real packaging/photo file from Wikimedia Commons; medication identity and Yemen registration require local verification.
499,Yemen / global medicines,Po Chai Pills,,,,,images/475d6db1a044.jpg,https://commons.wikimedia.org/wiki/File%3APo_Chai_Pills.JPG,https://upload.wikimedia.org/wikipedia/commons/thumb/e/e0/Po_Chai_Pills.JPG/1280px-Po_Chai_Pills.JPG,CC BY-SA 3.0,"<a href=""//commons.wikimedia.org/wiki/User:Mk2010"" title=""User:Mk2010"">Mk2010</a>",Real packaging/photo file from Wikimedia Commons; medication identity and Yemen registration require local verification.
500,Yemen / global medicines,Podophyllin Cream,,,,,images/895002767695.jpg,https://commons.wikimedia.org/wiki/File%3APodophyllin_Cream.jpg,https://upload.wikimedia.org/wikipedia/commons/9/93/Podophyllin_Cream.jpg,CC0,"<a href=""//commons.wikimedia.org/w/index.php?title=User:Abdsomod&amp;action=edit&amp;redlink=1"" class=""new"" title=""User:Abdsomod (page does not exist)"">Abdsomod</a>",Real packaging/photo file from Wikimedia Commons; medication identity and Yemen registration require local verification.
